Outcome,Task Completed,All Tasks Completed,Murdered,Imposter Kills,Ejected,Sabotages Fixed,Game Length (s),Task Time (s),is_imposter
1,3.0,0,1.0,0.0,0.0,2.0,424,0.0,0
0,7.0,1,0.0,0.0,0.0,1.0,981,588.0,0
1,3.0,0,0.0,0.0,0.0,0.0,693,0.0,0
1,0.0,0,0.0,2.0,0.0,0.0,485,0.0,1
0,4.0,0,0.0,0.0,0.0,0.0,310,0.0,0
0,7.0,1,1.0,0.0,0.0,0.0,982,736.0,0
0,8.0,1,1.0,0.0,0.0,1.0,1301,1118.0,0
1,8.0,1,0.0,0.0,1.0,0.0,1123,468.0,0
1,7.0,1,1.0,0.0,0.0,0.0,795,795.0,0
0,7.0,1,1.0,0.0,0.0,0.0,763,763.0,0
1,4.0,0,1.0,0.0,0.0,0.0,660,0.0,0
1,7.0,1,0.0,0.0,0.0,0.0,1063,719.0,0
0,6.0,0,1.0,0.0,0.0,0.0,826,0.0,0
0,0.0,0,0.0,3.0,1.0,0.0,952,0.0,1
1,7.0,1,1.0,0.0,0.0,1.0,1134,669.0,0
0,7.0,1,1.0,0.0,0.0,0.0,480,101.0,0
1,7.0,1,1.0,0.0,0.0,0.0,1086,574.0,0
1,7.0,1,1.0,0.0,0.0,1.0,778,543.0,0
1,7.0,1,1.0,0.0,0.0,0.0,897,890.0,0
0,7.0,1,1.0,0.0,0.0,0.0,663,634.0,0
0,2.0,0,1.0,0.0,0.0,0.0,883,0.0,0
0,3.0,0,1.0,0.0,0.0,1.0,514,0.0,0
0,8.0,1,0.0,0.0,0.0,0.0,332,332.0,0
1,8.0,1,1.0,0.0,0.0,0.0,1004,885.0,0
0,8.0,1,1.0,0.0,0.0,1.0,551,509.0,0
0,8.0,1,1.0,0.0,0.0,0.0,890,356.0,0
0,8.0,1,1.0,0.0,0.0,0.0,1069,1032.0,0
0,0.0,0,0.0,2.0,0.0,0.0,1081,0.0,1
1,8.0,1,1.0,0.0,0.0,1.0,710,360.0,0
1,5.0,1,0.0,0.0,0.0,2.0,566,496.0,0
1,1.0,0,0.0,0.0,0.0,1.0,188,0.0,0
0,0.0,0,0.0,1.0,1.0,0.0,155,0.0,1
1,1.0,0,0.0,0.0,0.0,0.0,147,0.0,0
1,3.0,0,0.0,0.0,0.0,1.0,293,0.0,0
1,1.0,0,1.0,0.0,0.0,0.0,324,0.0,0
0,0.0,0,0.0,2.0,0.0,0.0,1179,0.0,1
0,2.0,0,1.0,0.0,0.0,0.0,619,0.0,0
1,0.0,0,0.0,5.0,0.0,0.0,763,0.0,1
1,8.0,1,0.0,0.0,0.0,1.0,841,568.0,0
1,0.0,0,0.0,1.0,0.0,0.0,950,0.0,1
1,3.0,0,0.0,0.0,0.0,0.0,778,0.0,0
0,0.0,0,0.0,2.0,0.0,0.0,899,0.0,1
1,8.0,1,0.0,0.0,0.0,2.0,677,676.0,0
1,8.0,1,1.0,0.0,0.0,3.0,1335,840.0,0
0,0.0,0,0.0,2.0,1.0,0.0,774,0.0,1
1,5.0,0,1.0,0.0,0.0,0.0,912,0.0,0
1,4.0,0,0.0,0.0,0.0,0.0,576,0.0,0
1,0.0,0,0.0,1.0,0.0,0.0,1096,0.0,1
1,5.0,0,0.0,0.0,0.0,0.0,628,0.0,0
1,7.0,0,0.0,0.0,0.0,0.0,723,0.0,0
1,7.0,0,0.0,0.0,0.0,1.0,930,0.0,0
1,0.0,0,0.0,3.0,0.0,0.0,715,0.0,1
0,8.0,1,1.0,0.0,0.0,0.0,722,328.0,0
0,6.0,0,0.0,0.0,0.0,0.0,860,0.0,0
0,8.0,1,0.0,0.0,0.0,0.0,782,530.0,0
0,7.0,0,0.0,0.0,0.0,0.0,313,0.0,0
1,7.0,0,1.0,0.0,0.0,0.0,405,0.0,0
1,0.0,0,0.0,2.0,0.0,0.0,756,0.0,1
0,0.0,0,0.0,1.0,1.0,0.0,88,0.0,1
0,6.0,0,1.0,0.0,0.0,1.0,314,0.0,0
1,8.0,1,0.0,0.0,0.0,0.0,466,466.0,0
0,7.0,1,1.0,0.0,0.0,1.0,1178,660.0,0
0,7.0,1,1.0,0.0,0.0,1.0,739,541.0,0
1,0.0,0,0.0,3.0,0.0,0.0,535,0.0,1
1,8.0,1,1.0,0.0,0.0,1.0,1106,872.0,0
0,8.0,1,1.0,0.0,0.0,0.0,1022,566.0,0
1,5.0,0,0.0,0.0,0.0,0.0,347,0.0,0
1,0.0,0,0.0,5.0,0.0,0.0,340,0.0,1
1,7.0,1,0.0,0.0,0.0,0.0,632,315.0,0
1,5.0,0,0.0,0.0,0.0,1.0,648,0.0,0
0,7.0,1,1.0,0.0,0.0,0.0,764,763.0,0
1,0.0,0,0.0,2.0,0.0,0.0,466,0.0,1
1,0.0,0,0.0,0.0,0.0,0.0,0,0.0,1
0,1.0,0,1.0,0.0,0.0,0.0,110,0.0,0
0,7.0,0,1.0,0.0,0.0,0.0,534,0.0,0
1,8.0,1,1.0,0.0,0.0,1.0,1453,806.0,0
0,0.0,0,0.0,2.0,1.0,0.0,634,0.0,1
1,3.0,0,1.0,0.0,0.0,0.0,947,0.0,0
1,7.0,1,1.0,0.0,0.0,0.0,735,328.0,0
1,7.0,1,0.0,0.0,0.0,0.0,1018,840.0,0
1,8.0,1,1.0,0.0,0.0,0.0,1040,299.0,0
0,0.0,0,0.0,1.0,0.0,0.0,691,0.0,1
1,4.0,0,0.0,0.0,0.0,1.0,688,0.0,0
0,4.0,0,1.0,0.0,0.0,0.0,753,0.0,0
1,8.0,1,1.0,0.0,0.0,0.0,1262,847.0,0
0,7.0,0,1.0,0.0,0.0,0.0,520,0.0,0
1,4.0,0,0.0,0.0,0.0,1.0,470,0.0,0
1,8.0,1,0.0,0.0,0.0,0.0,737,497.0,0
0,7.0,0,0.0,0.0,0.0,1.0,623,0.0,0
1,0.0,0,0.0,2.0,0.0,0.0,719,0.0,1
1,0.0,0,0.0,2.0,0.0,0.0,49,0.0,1
1,0.0,0,0.0,3.0,0.0,0.0,527,0.0,1
0,6.0,0,1.0,0.0,0.0,0.0,763,0.0,0
0,7.0,1,1.0,0.0,0.0,0.0,1297,790.0,0
0,7.0,0,1.0,0.0,0.0,1.0,700,0.0,0
1,8.0,1,1.0,0.0,0.0,0.0,689,301.0,0
1,8.0,1,0.0,0.0,0.0,0.0,691,345.0,0
1,8.0,1,0.0,0.0,0.0,0.0,636,415.0,0
0,8.0,1,1.0,0.0,0.0,0.0,672,463.0,0
1,0.0,0,0.0,4.0,0.0,0.0,1283,0.0,1
1,3.0,0,0.0,0.0,0.0,0.0,310,0.0,0
1,2.0,0,1.0,0.0,0.0,0.0,491,0.0,0
0,7.0,1,1.0,0.0,0.0,0.0,664,392.0,0
0,0.0,0,0.0,2.0,0.0,0.0,336,0.0,1
0,7.0,1,1.0,0.0,0.0,1.0,826,346.0,0
0,7.0,1,1.0,0.0,0.0,0.0,596,389.0,0
0,0.0,0,0.0,3.0,0.0,0.0,904,0.0,1
1,7.0,1,1.0,0.0,0.0,1.0,372,353.0,0
1,4.0,0,0.0,0.0,0.0,1.0,484,0.0,0
0,9.0,0,1.0,0.0,0.0,0.0,307,267.0,0
1,9.0,1,0.0,0.0,0.0,1.0,638,253.0,0
1,8.0,1,0.0,0.0,0.0,3.0,1173,541.0,0
0,7.0,1,1.0,0.0,0.0,0.0,795,335.0,0
1,7.0,1,1.0,0.0,0.0,0.0,796,481.0,0
0,0.0,0,0.0,1.0,1.0,0.0,660,0.0,1
0,0.0,0,0.0,1.0,1.0,0.0,1081,0.0,1
1,0.0,0,0.0,2.0,0.0,0.0,865,0.0,1
1,7.0,1,0.0,0.0,0.0,2.0,1013,307.0,0
1,7.0,1,1.0,0.0,0.0,1.0,1165,704.0,0
1,7.0,1,1.0,0.0,0.0,1.0,506,283.0,0
1,7.0,1,1.0,0.0,0.0,0.0,773,276.0,0
1,7.0,1,0.0,0.0,0.0,1.0,741,296.0,0
0,7.0,1,0.0,0.0,0.0,0.0,294,280.0,0
1,4.0,0,1.0,0.0,0.0,1.0,306,0.0,0
1,7.0,1,0.0,0.0,0.0,0.0,549,295.0,0
0,7.0,1,1.0,0.0,0.0,0.0,848,232.0,0
1,8.0,0,1.0,0.0,0.0,0.0,357,166.0,0
1,7.0,1,0.0,0.0,0.0,0.0,1049,687.0,0
0,0.0,0,0.0,3.0,0.0,0.0,411,0.0,1
1,7.0,1,0.0,0.0,0.0,0.0,429,228.0,0
1,7.0,1,1.0,0.0,0.0,0.0,283,214.0,0
1,2.0,0,0.0,0.0,0.0,0.0,261,228.0,0
1,8.0,1,1.0,0.0,0.0,0.0,600,255.0,0
0,4.0,0,1.0,0.0,0.0,0.0,227,0.0,0
0,8.0,1,1.0,0.0,0.0,0.0,322,317.0,0
0,0.0,0,0.0,0.0,0.0,0.0,436,0.0,1
0,0.0,0,0.0,2.0,1.0,0.0,530,0.0,1
0,3.0,0,0.0,0.0,0.0,1.0,66,0.0,0
0,4.0,0,0.0,0.0,0.0,0.0,330,125.0,0
1,5.0,0,0.0,0.0,0.0,0.0,383,40.0,0
0,3.0,0,0.0,0.0,0.0,0.0,36,0.0,0
1,0.0,0,0.0,3.0,0.0,0.0,48,0.0,1
1,0.0,0,0.0,2.0,0.0,0.0,145,0.0,1
1,0.0,0,0.0,1.0,0.0,0.0,291,0.0,1
1,0.0,0,0.0,2.0,0.0,0.0,102,0.0,1
0,5.0,1,0.0,0.0,0.0,2.0,439,143.0,0
0,0.0,0,0.0,0.0,0.0,1.0,84,0.0,0
0,3.0,0,1.0,0.0,0.0,2.0,148,0.0,0
0,8.0,1,1.0,0.0,0.0,0.0,1249,863.0,0
1,8.0,1,0.0,0.0,0.0,2.0,910,842.0,0
0,8.0,1,0.0,0.0,0.0,0.0,449,361.0,0
0,6.0,0,0.0,0.0,0.0,0.0,350,0.0,0
0,9.0,1,0.0,0.0,0.0,2.0,1263,397.0,0
1,9.0,1,0.0,0.0,0.0,0.0,705,343.0,0
0,5.0,1,1.0,0.0,0.0,0.0,348,347.0,0
1,3.0,0,0.0,0.0,0.0,1.0,125,0.0,0
0,4.0,0,1.0,0.0,0.0,1.0,434,0.0,0
0,4.0,0,1.0,0.0,0.0,1.0,331,0.0,0
0,0.0,0,0.0,2.0,1.0,0.0,275,0.0,1
0,1.0,0,1.0,0.0,0.0,0.0,55,0.0,0
1,0.0,0,0.0,0.0,0.0,0.0,304,0.0,0
1,0.0,0,0.0,3.0,0.0,0.0,215,0.0,1
1,0.0,0,1.0,0.0,0.0,0.0,576,0.0,0
1,0.0,0,0.0,2.0,0.0,0.0,192,0.0,1
0,0.0,0,1.0,0.0,0.0,0.0,120,0.0,0
1,5.0,1,0.0,0.0,0.0,0.0,386,193.0,0
1,2.0,0,0.0,0.0,0.0,0.0,152,0.0,0
0,0.0,0,1.0,0.0,0.0,0.0,117,0.0,0
0,0.0,0,0.0,2.0,1.0,0.0,506,0.0,1
1,0.0,0,0.0,4.0,0.0,0.0,372,0.0,1
1,4.0,0,0.0,0.0,0.0,0.0,459,0.0,0
0,2.0,0,0.0,0.0,0.0,1.0,211,0.0,0
1,5.0,1,0.0,0.0,0.0,0.0,337,242.0,0
1,4.0,0,1.0,0.0,0.0,1.0,336,279.0,0
1,6.0,0,0.0,0.0,0.0,1.0,481,0.0,0
0,0.0,0,0.0,1.0,0.0,0.0,1042,0.0,1
0,7.0,1,1.0,0.0,0.0,0.0,627,538.0,0
1,5.0,0,0.0,0.0,0.0,1.0,869,0.0,0
0,5.0,1,1.0,0.0,0.0,0.0,430,317.0,0
1,3.0,0,0.0,0.0,0.0,0.0,283,0.0,0
1,0.0,0,0.0,2.0,0.0,0.0,419,0.0,1
1,6.0,1,0.0,0.0,0.0,2.0,624,91.0,0
1,6.0,1,0.0,0.0,0.0,1.0,388,245.0,0
1,0.0,0,0.0,2.0,0.0,0.0,131,0.0,1
1,0.0,0,0.0,1.0,0.0,0.0,29,0.0,1
0,0.0,0,0.0,0.0,0.0,0.0,21,0.0,0
1,4.0,0,0.0,0.0,0.0,1.0,447,275.0,0
0,2.0,0,0.0,0.0,0.0,0.0,150,0.0,0
1,4.0,0,0.0,0.0,0.0,0.0,164,0.0,0
0,8.0,1,1.0,0.0,0.0,1.0,1112,693.0,0
1,8.0,1,0.0,0.0,0.0,1.0,641,193.0,0
1,0.0,0,0.0,1.0,0.0,0.0,462,0.0,1
0,8.0,1,1.0,0.0,0.0,0.0,798,779.0,0
0,8.0,1,1.0,0.0,0.0,1.0,1262,497.0,0
1,0.0,0,0.0,3.0,0.0,0.0,811,0.0,1
1,4.0,0,0.0,0.0,0.0,0.0,370,0.0,0
1,8.0,1,1.0,0.0,0.0,0.0,1264,529.0,0
1,8.0,1,0.0,0.0,0.0,0.0,754,336.0,0
0,0.0,0,0.0,3.0,1.0,0.0,1520,0.0,1
0,8.0,1,1.0,0.0,0.0,0.0,687,467.0,0
1,7.0,1,1.0,0.0,0.0,1.0,793,605.0,0
0,0.0,0,0.0,3.0,0.0,0.0,518,0.0,1
1,0.0,0,0.0,3.0,0.0,0.0,450,0.0,1
0,7.0,1,1.0,0.0,0.0,0.0,1099,433.0,0
1,6.0,1,1.0,0.0,0.0,0.0,642,307.0,0
1,3.0,0,0.0,0.0,0.0,1.0,311,0.0,0
0,5.0,0,1.0,0.0,0.0,0.0,298,0.0,0
0,0.0,0,0.0,0.0,1.0,0.0,217,0.0,1
1,1.0,0,1.0,0.0,0.0,0.0,79,0.0,0
0,3.0,0,1.0,0.0,0.0,0.0,131,125.0,0
1,7.0,1,1.0,0.0,0.0,0.0,569,416.0,0
0,6.0,0,1.0,0.0,0.0,0.0,187,0.0,0
0,0.0,0,0.0,3.0,1.0,0.0,700,0.0,1
1,0.0,0,0.0,4.0,0.0,0.0,587,0.0,1
0,2.0,0,0.0,0.0,0.0,2.0,632,0.0,0
1,1.0,0,1.0,0.0,0.0,0.0,238,0.0,0
1,0.0,0,0.0,2.0,0.0,0.0,526,0.0,1
0,3.0,0,0.0,0.0,1.0,0.0,247,0.0,0
0,5.0,0,0.0,0.0,0.0,1.0,331,0.0,0
1,0.0,0,0.0,2.0,0.0,0.0,480,0.0,1
1,2.0,0,0.0,0.0,0.0,0.0,426,0.0,0
0,5.0,0,1.0,0.0,0.0,1.0,300,0.0,0
1,0.0,0,0.0,2.0,0.0,0.0,468,0.0,1
1,4.0,0,1.0,0.0,0.0,0.0,211,0.0,0
0,5.0,0,1.0,0.0,0.0,1.0,327,0.0,0
1,0.0,0,0.0,3.0,0.0,0.0,709,0.0,1
1,7.0,1,0.0,0.0,0.0,1.0,830,479.0,0
1,7.0,1,1.0,0.0,0.0,2.0,795,678.0,0
1,6.0,0,0.0,0.0,0.0,0.0,384,0.0,0
1,5.0,0,1.0,0.0,0.0,1.0,469,0.0,0
0,8.0,1,1.0,0.0,0.0,3.0,743,445.0,0
1,0.0,0,0.0,2.0,0.0,0.0,563,0.0,1
1,8.0,1,0.0,0.0,0.0,1.0,1073,564.0,0
0,0.0,0,0.0,1.0,0.0,0.0,865,0.0,1
0,8.0,1,1.0,0.0,0.0,0.0,649,358.0,0
1,7.0,0,0.0,0.0,0.0,0.0,873,0.0,0
0,8.0,1,0.0,0.0,0.0,0.0,712,526.0,0
1,8.0,1,0.0,0.0,0.0,0.0,1137,497.0,0
1,0.0,0,0.0,1.0,0.0,0.0,504,0.0,1
0,6.0,0,1.0,0.0,0.0,0.0,687,0.0,0
1,8.0,1,0.0,0.0,0.0,0.0,723,207.0,0
0,0.0,0,0.0,2.0,1.0,0.0,753,0.0,1
0,2.0,0,0.0,0.0,0.0,0.0,630,0.0,0
0,7.0,0,1.0,0.0,0.0,0.0,495,0.0,0
0,0.0,0,0.0,4.0,0.0,0.0,881,0.0,1
0,0.0,0,0.0,1.0,0.0,0.0,824,0.0,1
1,0.0,0,0.0,4.0,0.0,0.0,615,0.0,1
1,7.0,0,0.0,0.0,0.0,0.0,1013,0.0,0
0,6.0,0,0.0,0.0,0.0,0.0,461,0.0,0
1,8.0,1,1.0,0.0,0.0,2.0,1173,937.0,0
0,0.0,0,0.0,1.0,0.0,0.0,976,0.0,1
1,8.0,1,0.0,0.0,0.0,0.0,795,591.0,0
0,0.0,0,0.0,4.0,0.0,0.0,967,0.0,1
0,0.0,0,0.0,3.0,0.0,0.0,1017,0.0,1
1,4.0,0,0.0,0.0,0.0,0.0,326,0.0,0
1,5.0,0,1.0,0.0,0.0,0.0,1004,0.0,0
0,7.0,1,1.0,0.0,0.0,0.0,1171,452.0,0
0,3.0,0,1.0,0.0,0.0,0.0,221,0.0,0
1,7.0,1,1.0,0.0,0.0,0.0,1151,435.0,0
1,0.0,0,0.0,0.0,0.0,0.0,39,0.0,0
1,7.0,1,1.0,0.0,0.0,0.0,849,487.0,0
1,0.0,0,0.0,1.0,1.0,0.0,641,0.0,1
1,7.0,1,1.0,0.0,0.0,0.0,938,808.0,0
0,6.0,0,1.0,0.0,0.0,0.0,650,0.0,0
0,5.0,0,0.0,0.0,1.0,0.0,563,0.0,0
1,0.0,0,0.0,2.0,0.0,0.0,273,0.0,1
0,7.0,1,0.0,0.0,0.0,0.0,689,646.0,0
1,7.0,1,1.0,0.0,0.0,0.0,884,511.0,0
1,0.0,0,0.0,1.0,0.0,0.0,157,0.0,1
0,4.0,0,0.0,0.0,0.0,1.0,615,0.0,0
0,7.0,1,0.0,0.0,1.0,0.0,1178,618.0,0
0,7.0,1,1.0,0.0,0.0,0.0,757,346.0,0
0,7.0,1,1.0,0.0,0.0,0.0,574,357.0,0
1,8.0,1,0.0,0.0,0.0,0.0,1106,880.0,0
0,8.0,1,1.0,0.0,0.0,0.0,1022,548.0,0
1,7.0,0,1.0,0.0,0.0,0.0,382,0.0,0
0,5.0,0,1.0,0.0,0.0,1.0,340,0.0,0
1,7.0,1,1.0,0.0,0.0,0.0,632,320.0,0
1,7.0,1,0.0,0.0,0.0,0.0,1012,424.0,0
1,6.0,0,1.0,0.0,0.0,0.0,649,0.0,0
0,7.0,1,0.0,0.0,0.0,0.0,793,313.0,0
1,0.0,0,0.0,2.0,0.0,0.0,505,0.0,1
1,7.0,1,0.0,0.0,0.0,0.0,1316,1085.0,0
0,7.0,1,0.0,0.0,0.0,1.0,936,361.0,0
0,0.0,0,0.0,2.0,0.0,0.0,962,0.0,1
1,7.0,1,0.0,0.0,0.0,0.0,834,342.0,0
1,7.0,1,1.0,0.0,0.0,0.0,759,341.0,0
1,7.0,1,1.0,0.0,0.0,0.0,1117,997.0,0
1,7.0,1,0.0,0.0,0.0,1.0,1017,604.0,0
1,7.0,1,0.0,0.0,0.0,0.0,1600,559.0,0
0,7.0,1,1.0,0.0,0.0,0.0,1556,585.0,0
0,6.0,0,0.0,0.0,0.0,0.0,771,0.0,0
0,7.0,1,1.0,0.0,0.0,0.0,506,270.0,0
0,7.0,1,1.0,0.0,0.0,0.0,803,570.0,0
1,7.0,1,0.0,0.0,0.0,0.0,1164,788.0,0
1,1.0,0,0.0,0.0,0.0,0.0,127,0.0,0
0,6.0,0,0.0,0.0,0.0,1.0,1196,0.0,0
0,8.0,1,1.0,0.0,0.0,0.0,660,534.0,0
1,8.0,1,0.0,0.0,0.0,0.0,790,572.0,0
0,8.0,1,0.0,0.0,0.0,2.0,992,648.0,0
1,1.0,0,0.0,0.0,0.0,1.0,313,0.0,0
0,4.0,0,1.0,0.0,0.0,0.0,273,241.0,0
1,0.0,0,1.0,0.0,0.0,1.0,226,0.0,0
0,3.0,0,1.0,0.0,0.0,0.0,260,0.0,0
0,0.0,0,0.0,2.0,1.0,0.0,151,0.0,1
1,2.0,0,0.0,0.0,0.0,0.0,160,0.0,0
1,0.0,0,0.0,3.0,0.0,0.0,227,0.0,1
1,0.0,0,1.0,0.0,0.0,1.0,161,0.0,0
1,4.0,0,1.0,0.0,0.0,0.0,292,166.0,0
1,8.0,1,0.0,0.0,0.0,1.0,1263,517.0,0
1,0.0,0,0.0,3.0,0.0,0.0,552,0.0,1
1,2.0,0,0.0,0.0,0.0,0.0,488,0.0,0
1,8.0,1,1.0,0.0,0.0,0.0,757,528.0,0
0,8.0,1,0.0,0.0,1.0,1.0,639,459.0,0
0,5.0,0,0.0,0.0,0.0,0.0,669,0.0,0
0,0.0,0,0.0,2.0,0.0,0.0,1212,0.0,1
0,8.0,1,1.0,0.0,0.0,0.0,973,326.0,0
0,0.0,0,0.0,2.0,0.0,0.0,1049,0.0,1
1,8.0,1,0.0,0.0,0.0,0.0,811,445.0,0
0,8.0,1,1.0,0.0,0.0,0.0,1082,868.0,0
1,0.0,0,0.0,2.0,0.0,0.0,629,0.0,1
1,4.0,0,1.0,0.0,0.0,0.0,568,0.0,0
1,4.0,0,1.0,0.0,0.0,0.0,353,0.0,0
0,8.0,1,0.0,0.0,0.0,0.0,1088,489.0,0
0,8.0,1,0.0,0.0,0.0,0.0,491,486.0,0
1,8.0,1,0.0,0.0,0.0,0.0,1152,685.0,0
1,7.0,1,0.0,0.0,0.0,0.0,1279,327.0,0
1,7.0,1,0.0,0.0,0.0,0.0,872,563.0,0
0,3.0,0,0.0,0.0,1.0,0.0,366,0.0,0
1,8.0,1,0.0,0.0,0.0,0.0,581,528.0,0
1,8.0,1,1.0,0.0,0.0,0.0,781,531.0,0
1,3.0,0,0.0,0.0,0.0,0.0,238,0.0,0
0,7.0,1,0.0,0.0,0.0,1.0,906,680.0,0
1,0.0,0,0.0,3.0,0.0,0.0,697,0.0,1
1,0.0,0,0.0,3.0,0.0,0.0,588,0.0,1
1,0.0,0,0.0,2.0,0.0,0.0,511,0.0,1
0,0.0,0,0.0,2.0,0.0,0.0,963,0.0,1
0,3.0,0,1.0,0.0,0.0,0.0,626,0.0,0
1,5.0,0,1.0,0.0,0.0,0.0,443,0.0,0
0,4.0,0,1.0,0.0,0.0,0.0,461,0.0,0
1,5.0,0,0.0,0.0,0.0,1.0,1173,0.0,0
0,0.0,0,0.0,2.0,0.0,0.0,326,0.0,1
1,1.0,0,0.0,0.0,0.0,0.0,196,0.0,0
0,1.0,0,0.0,0.0,1.0,0.0,178,0.0,0
1,0.0,0,0.0,1.0,0.0,0.0,113,0.0,1
1,3.0,0,0.0,0.0,0.0,0.0,240,0.0,0
1,0.0,0,0.0,2.0,0.0,0.0,149,0.0,1
1,0.0,0,0.0,5.0,0.0,0.0,343,0.0,1
0,6.0,0,1.0,0.0,0.0,0.0,494,0.0,0
0,5.0,0,1.0,0.0,0.0,0.0,439,0.0,0
1,0.0,0,0.0,3.0,0.0,0.0,924,0.0,1
1,5.0,0,1.0,0.0,0.0,0.0,692,0.0,0
1,4.0,0,0.0,0.0,0.0,0.0,805,0.0,0
1,2.0,0,0.0,0.0,0.0,0.0,169,0.0,0
1,0.0,0,0.0,4.0,0.0,0.0,1184,0.0,1
1,6.0,1,0.0,0.0,0.0,0.0,450,318.0,0
0,4.0,0,1.0,0.0,0.0,1.0,488,0.0,0
0,7.0,1,1.0,0.0,0.0,0.0,582,284.0,0
0,0.0,0,0.0,2.0,0.0,0.0,599,0.0,1
1,7.0,1,1.0,0.0,0.0,0.0,857,405.0,0
1,0.0,0,0.0,0.0,0.0,0.0,193,0.0,0
0,2.0,0,0.0,0.0,0.0,1.0,187,0.0,0
1,5.0,1,0.0,0.0,0.0,0.0,366,210.0,0
0,0.0,0,0.0,3.0,0.0,0.0,1188,0.0,1
1,7.0,1,0.0,0.0,0.0,1.0,1123,768.0,0
1,2.0,0,0.0,0.0,0.0,0.0,747,0.0,0
1,5.0,0,1.0,0.0,0.0,0.0,631,0.0,0
1,7.0,1,1.0,0.0,0.0,0.0,962,801.0,0
1,7.0,1,1.0,0.0,0.0,0.0,1006,677.0,0
0,7.0,1,1.0,0.0,0.0,0.0,923,521.0,0
0,7.0,1,1.0,0.0,0.0,1.0,836,597.0,0
0,7.0,1,1.0,0.0,0.0,0.0,682,509.0,0
1,8.0,1,0.0,0.0,0.0,1.0,884,301.0,0
1,5.0,0,0.0,0.0,0.0,0.0,321,0.0,0
0,7.0,1,0.0,0.0,0.0,0.0,919,919.0,0
1,7.0,1,1.0,0.0,0.0,0.0,831,781.0,0
1,6.0,0,0.0,0.0,0.0,1.0,323,0.0,0
1,4.0,0,1.0,0.0,0.0,0.0,335,0.0,0
0,8.0,1,0.0,0.0,0.0,0.0,466,138.0,0
0,8.0,1,1.0,0.0,0.0,0.0,595,595.0,0
0,8.0,1,1.0,0.0,0.0,0.0,866,345.0,0
1,0.0,0,0.0,4.0,0.0,0.0,562,0.0,1
1,0.0,0,0.0,1.0,0.0,0.0,125,0.0,1
0,6.0,0,1.0,0.0,0.0,1.0,340,0.0,0
1,7.0,1,1.0,0.0,0.0,0.0,632,300.0,0
1,7.0,1,1.0,0.0,0.0,1.0,1012,880.0,0
1,7.0,1,0.0,0.0,0.0,0.0,648,448.0,0
1,0.0,0,0.0,3.0,0.0,0.0,793,0.0,1
0,4.0,0,1.0,0.0,0.0,0.0,505,0.0,0
0,0.0,0,0.0,2.0,0.0,0.0,1600,0.0,1
0,4.0,0,0.0,0.0,0.0,1.0,771,0.0,0
1,0.0,0,0.0,3.0,0.0,0.0,803,0.0,1
0,7.0,0,0.0,0.0,0.0,0.0,790,0.0,0
1,8.0,1,1.0,0.0,0.0,0.0,1145,548.0,0
0,0.0,0,0.0,0.0,0.0,0.0,16,0.0,0
1,8.0,1,1.0,0.0,0.0,0.0,1236,1235.0,0
1,7.0,0,0.0,0.0,0.0,2.0,971,0.0,0
1,0.0,0,0.0,4.0,0.0,0.0,962,0.0,1
1,2.0,0,0.0,0.0,0.0,0.0,254,0.0,0
1,8.0,1,1.0,0.0,0.0,1.0,1210,909.0,0
1,8.0,1,1.0,0.0,0.0,0.0,787,530.0,0
1,7.0,1,1.0,0.0,0.0,1.0,1029,832.0,0
1,6.0,0,0.0,0.0,0.0,0.0,945,0.0,0
0,0.0,0,0.0,3.0,0.0,0.0,842,0.0,1
1,7.0,1,0.0,0.0,0.0,1.0,1301,1223.0,0
0,4.0,0,1.0,0.0,0.0,0.0,921,0.0,0
0,4.0,0,0.0,0.0,0.0,0.0,520,0.0,0
1,7.0,1,1.0,0.0,0.0,0.0,1309,1107.0,0
1,6.0,0,0.0,0.0,0.0,0.0,935,0.0,0
1,7.0,0,1.0,0.0,0.0,0.0,1070,0.0,0
0,3.0,0,1.0,0.0,0.0,0.0,680,0.0,0
1,4.0,0,0.0,0.0,0.0,0.0,481,0.0,0
1,7.0,1,0.0,0.0,0.0,1.0,1042,550.0,0
1,0.0,0,0.0,4.0,0.0,0.0,559,0.0,1
1,3.0,0,0.0,0.0,0.0,0.0,159,0.0,0
1,6.0,1,1.0,0.0,0.0,0.0,424,319.0,0
0,5.0,0,0.0,0.0,0.0,0.0,627,0.0,0
1,4.0,0,0.0,0.0,0.0,0.0,869,0.0,0
1,0.0,0,0.0,1.0,0.0,0.0,46,0.0,1
1,4.0,0,0.0,0.0,0.0,1.0,808,0.0,0
1,5.0,0,0.0,0.0,1.0,0.0,688,0.0,0
0,7.0,1,1.0,0.0,0.0,1.0,711,494.0,0
0,4.0,0,1.0,0.0,0.0,0.0,742,338.0,0
1,0.0,0,0.0,2.0,0.0,0.0,57,0.0,1
0,3.0,0,0.0,0.0,0.0,1.0,277,0.0,0
0,0.0,0,0.0,0.0,1.0,0.0,111,0.0,0
1,3.0,0,0.0,0.0,0.0,0.0,172,0.0,0
0,2.0,0,0.0,0.0,0.0,0.0,376,0.0,0
1,0.0,0,0.0,1.0,0.0,0.0,109,0.0,1
1,0.0,0,0.0,1.0,0.0,0.0,61,0.0,1
0,5.0,1,0.0,0.0,0.0,3.0,417,182.0,0
1,7.0,1,1.0,0.0,0.0,0.0,819,783.0,0
0,0.0,0,0.0,3.0,0.0,0.0,1355,0.0,1
1,0.0,0,0.0,3.0,0.0,0.0,750,0.0,1
1,5.0,0,0.0,0.0,0.0,1.0,552,0.0,0
0,0.0,0,1.0,0.0,0.0,1.0,511,0.0,0
1,4.0,0,0.0,0.0,0.0,0.0,962,0.0,0
0,3.0,0,1.0,0.0,0.0,0.0,627,0.0,0
1,5.0,0,0.0,0.0,1.0,0.0,442,0.0,0
1,4.0,0,1.0,0.0,0.0,0.0,889,0.0,0
0,0.0,0,0.0,2.0,0.0,0.0,1009,0.0,1
1,0.0,0,0.0,4.0,0.0,0.0,895,0.0,1
0,6.0,0,1.0,0.0,0.0,0.0,862,0.0,0
1,1.0,0,1.0,0.0,0.0,0.0,143,0.0,0
1,0.0,0,1.0,0.0,0.0,0.0,164,0.0,0
1,1.0,0,0.0,0.0,0.0,0.0,175,0.0,0
0,4.0,0,1.0,0.0,0.0,0.0,840,0.0,0
1,0.0,0,0.0,3.0,0.0,0.0,550,0.0,1
1,7.0,1,0.0,0.0,0.0,3.0,805,529.0,0
1,4.0,0,0.0,0.0,0.0,0.0,460,0.0,0
0,0.0,0,0.0,3.0,0.0,0.0,804,0.0,1
0,3.0,0,1.0,0.0,0.0,0.0,466,0.0,0
1,6.0,0,0.0,0.0,1.0,0.0,911,0.0,0
1,1.0,0,0.0,0.0,0.0,0.0,238,0.0,0
1,3.0,0,1.0,0.0,0.0,0.0,410,0.0,0
1,5.0,0,0.0,0.0,0.0,3.0,618,0.0,0
1,3.0,0,1.0,0.0,0.0,1.0,443,0.0,0
1,7.0,1,1.0,0.0,0.0,1.0,1120,854.0,0
0,2.0,0,0.0,0.0,0.0,0.0,517,0.0,0
1,4.0,0,0.0,0.0,0.0,0.0,402,0.0,0
1,0.0,0,0.0,2.0,0.0,0.0,627,0.0,1
1,7.0,1,0.0,0.0,0.0,0.0,732,503.0,0
1,0.0,0,0.0,2.0,0.0,0.0,833,0.0,1
0,3.0,0,0.0,0.0,1.0,0.0,313,0.0,0
1,7.0,1,0.0,0.0,1.0,0.0,928,617.0,0
1,0.0,0,0.0,4.0,0.0,0.0,943,0.0,1
0,3.0,0,1.0,0.0,0.0,1.0,811,0.0,0
1,0.0,0,0.0,4.0,0.0,0.0,533,0.0,1
0,4.0,0,0.0,0.0,0.0,1.0,135,0.0,0
0,2.0,0,0.0,0.0,0.0,0.0,774,0.0,0
0,1.0,0,1.0,0.0,0.0,0.0,524,0.0,0
1,0.0,0,0.0,4.0,0.0,0.0,612,0.0,1
1,2.0,0,1.0,0.0,0.0,0.0,405,0.0,0
1,4.0,0,0.0,0.0,0.0,1.0,1021,0.0,0
1,5.0,0,0.0,0.0,0.0,0.0,498,0.0,0
1,0.0,0,0.0,3.0,0.0,0.0,1185,0.0,1
0,0.0,0,0.0,1.0,0.0,0.0,345,0.0,1
1,2.0,0,0.0,0.0,0.0,0.0,271,0.0,0
1,6.0,0,1.0,0.0,0.0,1.0,1021,0.0,0
1,0.0,0,0.0,2.0,0.0,0.0,201,0.0,1
0,2.0,0,0.0,0.0,0.0,0.0,295,0.0,0
1,0.0,0,0.0,0.0,0.0,2.0,338,0.0,0
0,4.0,0,1.0,0.0,0.0,0.0,300,0.0,0
1,3.0,0,1.0,0.0,0.0,0.0,833,0.0,0
0,5.0,0,1.0,0.0,0.0,0.0,563,0.0,0
1,0.0,0,0.0,1.0,0.0,0.0,270,0.0,1
0,2.0,0,0.0,0.0,1.0,5.0,533,0.0,0
1,2.0,0,1.0,0.0,0.0,0.0,140,0.0,0
1,1.0,0,0.0,0.0,0.0,0.0,142,0.0,0
1,7.0,1,1.0,0.0,0.0,2.0,620,619.0,0
1,0.0,0,0.0,0.0,0.0,1.0,335,0.0,0
0,7.0,1,0.0,0.0,0.0,1.0,827,619.0,0
1,0.0,0,0.0,2.0,0.0,0.0,307,0.0,1
1,0.0,0,0.0,2.0,0.0,0.0,529,0.0,1
0,3.0,0,1.0,0.0,0.0,1.0,364,0.0,0
1,0.0,0,0.0,3.0,0.0,0.0,565,0.0,1
1,8.0,1,1.0,0.0,0.0,3.0,921,366.0,0
1,0.0,0,0.0,3.0,0.0,0.0,1092,0.0,1
1,8.0,1,1.0,0.0,0.0,0.0,711,602.0,0
1,0.0,0,0.0,3.0,0.0,0.0,1022,0.0,1
1,0.0,0,0.0,2.0,0.0,0.0,537,0.0,1
0,8.0,0,1.0,0.0,0.0,0.0,847,0.0,0
0,0.0,0,0.0,2.0,0.0,0.0,473,0.0,1
0,0.0,0,0.0,1.0,0.0,0.0,636,0.0,1
1,8.0,1,0.0,0.0,0.0,0.0,883,872.0,0
1,2.0,0,0.0,0.0,0.0,1.0,121,0.0,0
1,1.0,0,0.0,0.0,0.0,0.0,108,0.0,0
0,6.0,0,0.0,0.0,1.0,1.0,712,0.0,0
1,0.0,0,0.0,1.0,1.0,0.0,187,0.0,1
1,4.0,0,1.0,0.0,0.0,1.0,343,0.0,0
1,4.0,0,1.0,0.0,0.0,0.0,358,0.0,0
0,3.0,0,0.0,0.0,0.0,0.0,653,0.0,0
0,7.0,0,1.0,0.0,0.0,1.0,784,0.0,0
1,4.0,0,1.0,0.0,0.0,0.0,835,0.0,0
0,7.0,0,0.0,0.0,0.0,4.0,1002,0.0,0
0,0.0,0,0.0,2.0,0.0,0.0,793,0.0,1
1,6.0,0,0.0,0.0,0.0,1.0,928,0.0,0
1,6.0,1,1.0,0.0,0.0,0.0,662,479.0,0
1,2.0,0,1.0,0.0,0.0,0.0,929,0.0,0
1,1.0,0,1.0,0.0,0.0,1.0,593,0.0,0
0,8.0,1,0.0,0.0,0.0,0.0,1097,650.0,0
1,5.0,0,0.0,0.0,0.0,0.0,628,0.0,0
0,0.0,0,0.0,2.0,0.0,0.0,724,0.0,1
0,0.0,0,0.0,2.0,0.0,0.0,929,0.0,1
0,7.0,0,1.0,0.0,0.0,0.0,715,0.0,0
1,0.0,0,0.0,2.0,0.0,0.0,723,0.0,1
0,4.0,0,0.0,0.0,0.0,1.0,862,0.0,0
1,0.0,0,0.0,4.0,0.0,0.0,781,0.0,1
0,7.0,0,1.0,0.0,0.0,2.0,339,0.0,0
1,8.0,1,0.0,0.0,0.0,1.0,425,339.0,0
0,8.0,1,1.0,0.0,0.0,0.0,756,738.0,0
0,2.0,0,0.0,0.0,0.0,0.0,421,0.0,0
0,4.0,0,0.0,0.0,0.0,1.0,529,0.0,0
1,7.0,1,1.0,0.0,0.0,0.0,819,401.0,0
1,7.0,1,1.0,0.0,0.0,0.0,1356,966.0,0
0,5.0,0,0.0,0.0,0.0,1.0,529,0.0,0
1,7.0,1,0.0,0.0,0.0,0.0,945,501.0,0
0,0.0,0,0.0,0.0,0.0,0.0,1293,0.0,1
0,5.0,0,1.0,0.0,0.0,2.0,1567,0.0,0
0,6.0,0,0.0,0.0,0.0,2.0,1228,0.0,0
1,4.0,0,1.0,0.0,0.0,0.0,988,0.0,0
0,6.0,0,1.0,0.0,0.0,0.0,778,0.0,0
1,7.0,1,0.0,0.0,0.0,0.0,1068,383.0,0
1,7.0,1,0.0,0.0,0.0,2.0,735,373.0,0
1,8.0,1,1.0,0.0,0.0,1.0,812,386.0,0
1,8.0,1,1.0,0.0,0.0,1.0,868,867.0,0
1,0.0,0,0.0,2.0,0.0,0.0,918,0.0,1
0,8.0,1,0.0,0.0,0.0,0.0,840,433.0,0
1,7.0,1,0.0,0.0,0.0,0.0,837,690.0,0
0,0.0,0,0.0,1.0,0.0,0.0,705,0.0,1
0,8.0,1,0.0,0.0,0.0,2.0,591,589.0,0
0,0.0,0,0.0,3.0,1.0,0.0,685,0.0,1
1,7.0,1,0.0,0.0,0.0,2.0,1010,163.0,0
1,7.0,1,0.0,0.0,0.0,1.0,836,708.0,0
1,0.0,0,0.0,3.0,0.0,0.0,556,0.0,1
1,7.0,1,0.0,0.0,0.0,0.0,1025,349.0,0
1,7.0,1,1.0,0.0,0.0,0.0,1036,621.0,0
0,8.0,1,1.0,0.0,0.0,1.0,1381,731.0,0
0,5.0,0,0.0,0.0,0.0,0.0,527,0.0,0
0,6.0,0,0.0,0.0,0.0,0.0,508,0.0,0
0,7.0,0,0.0,0.0,0.0,1.0,824,0.0,0
0,2.0,0,1.0,0.0,0.0,0.0,458,0.0,0
0,6.0,0,0.0,0.0,0.0,1.0,355,0.0,0
0,7.0,0,1.0,0.0,0.0,1.0,521,0.0,0
1,0.0,0,0.0,3.0,0.0,0.0,353,0.0,1
0,7.0,1,1.0,0.0,0.0,0.0,628,592.0,0
0,7.0,1,1.0,0.0,0.0,1.0,775,529.0,0
1,6.0,1,1.0,0.0,0.0,0.0,749,532.0,0
1,6.0,0,0.0,0.0,0.0,0.0,772,0.0,0
1,7.0,1,1.0,0.0,0.0,1.0,534,356.0,0
0,2.0,0,1.0,0.0,0.0,0.0,432,0.0,0
1,5.0,0,1.0,0.0,0.0,0.0,796,0.0,0
0,2.0,0,0.0,0.0,0.0,0.0,404,0.0,0
0,3.0,0,1.0,0.0,0.0,1.0,788,0.0,0
1,0.0,0,0.0,1.0,0.0,0.0,398,0.0,1
0,6.0,0,1.0,0.0,0.0,0.0,800,0.0,0
1,3.0,0,0.0,0.0,0.0,1.0,853,0.0,0
1,7.0,1,0.0,0.0,0.0,0.0,839,700.0,0
0,4.0,0,1.0,0.0,0.0,0.0,901,0.0,0
1,7.0,1,1.0,0.0,0.0,0.0,1183,525.0,0
1,0.0,0,0.0,2.0,0.0,0.0,544,0.0,1
1,7.0,1,1.0,0.0,0.0,0.0,885,884.0,0
1,5.0,0,1.0,0.0,0.0,0.0,755,0.0,0
1,8.0,1,0.0,0.0,0.0,0.0,1133,1100.0,0
1,3.0,0,0.0,0.0,0.0,1.0,270,0.0,0
1,3.0,0,0.0,0.0,0.0,1.0,827,0.0,0
1,0.0,0,0.0,1.0,0.0,0.0,469,0.0,1
1,0.0,0,0.0,3.0,0.0,0.0,630,0.0,1
1,0.0,0,0.0,2.0,0.0,0.0,943,0.0,1
0,8.0,1,1.0,0.0,0.0,0.0,825,785.0,0
1,4.0,0,1.0,0.0,0.0,0.0,813,0.0,0
0,6.0,0,1.0,0.0,0.0,0.0,479,0.0,0
1,0.0,0,0.0,4.0,0.0,0.0,955,0.0,1
0,3.0,0,0.0,0.0,0.0,1.0,634,0.0,0
1,4.0,0,0.0,0.0,0.0,0.0,1005,0.0,0
1,4.0,0,1.0,0.0,0.0,0.0,516,0.0,0
0,5.0,0,1.0,0.0,0.0,0.0,461,0.0,0
1,0.0,0,0.0,3.0,0.0,0.0,541,0.0,1
0,8.0,1,0.0,0.0,0.0,0.0,998,572.0,0
0,8.0,1,1.0,0.0,0.0,0.0,1360,889.0,0
0,8.0,1,1.0,0.0,0.0,0.0,691,494.0,0
1,0.0,0,0.0,3.0,0.0,0.0,725,0.0,1
1,0.0,0,1.0,0.0,0.0,0.0,291,0.0,0
0,9.0,1,1.0,0.0,0.0,1.0,1137,683.0,0
1,0.0,0,0.0,1.0,0.0,0.0,488,0.0,1
1,0.0,0,0.0,4.0,0.0,0.0,1005,0.0,1
1,7.0,1,1.0,0.0,0.0,0.0,1479,1196.0,0
1,4.0,0,1.0,0.0,0.0,0.0,279,0.0,0
1,7.0,1,0.0,0.0,0.0,1.0,1722,1721.0,0
0,7.0,1,1.0,0.0,0.0,0.0,861,634.0,0
1,5.0,0,1.0,0.0,0.0,1.0,728,0.0,0
0,3.0,0,0.0,0.0,0.0,2.0,634,0.0,0
0,5.0,0,1.0,0.0,0.0,0.0,1093,0.0,0
1,0.0,0,0.0,2.0,0.0,0.0,783,0.0,1
1,7.0,1,1.0,0.0,0.0,0.0,1180,612.0,0
1,5.0,0,0.0,0.0,0.0,1.0,726,0.0,0
0,7.0,1,1.0,0.0,0.0,0.0,625,571.0,0
1,6.0,0,1.0,0.0,0.0,0.0,583,0.0,0
0,3.0,0,1.0,0.0,0.0,0.0,263,0.0,0
0,5.0,0,1.0,0.0,0.0,0.0,843,0.0,0
1,0.0,0,0.0,3.0,0.0,0.0,545,0.0,1
0,0.0,0,0.0,3.0,0.0,0.0,671,0.0,1
0,4.0,0,1.0,0.0,0.0,0.0,471,0.0,0
1,2.0,0,0.0,0.0,0.0,1.0,362,0.0,0
1,1.0,0,0.0,0.0,0.0,0.0,798,0.0,0
1,1.0,0,0.0,0.0,0.0,1.0,606,0.0,0
1,1.0,0,0.0,0.0,0.0,0.0,302,0.0,0
0,2.0,0,0.0,0.0,1.0,0.0,225,0.0,0
1,2.0,0,0.0,0.0,0.0,2.0,397,0.0,0
1,5.0,0,1.0,0.0,0.0,0.0,277,0.0,0
1,8.0,1,1.0,0.0,0.0,1.0,698,688.0,0
1,8.0,1,0.0,0.0,0.0,0.0,851,636.0,0
1,8.0,1,1.0,0.0,0.0,0.0,695,636.0,0
0,8.0,1,1.0,0.0,0.0,0.0,441,272.0,0
1,6.0,0,0.0,0.0,0.0,0.0,977,0.0,0
0,5.0,0,1.0,0.0,0.0,4.0,782,0.0,0
0,5.0,0,1.0,0.0,0.0,0.0,755,0.0,0
1,4.0,0,0.0,0.0,0.0,0.0,613,0.0,0
1,0.0,0,0.0,2.0,0.0,0.0,253,0.0,1
1,2.0,0,0.0,0.0,0.0,0.0,491,0.0,0
1,9.0,1,1.0,0.0,0.0,0.0,1076,470.0,0
1,1.0,0,0.0,0.0,0.0,0.0,312,0.0,0
1,2.0,0,1.0,0.0,0.0,0.0,703,0.0,0
1,9.0,1,1.0,0.0,0.0,0.0,654,400.0,0
0,5.0,0,0.0,0.0,0.0,0.0,1087,0.0,0
1,9.0,1,0.0,0.0,0.0,0.0,739,512.0,0
1,0.0,0,1.0,0.0,0.0,0.0,159,0.0,0
1,1.0,0,0.0,0.0,0.0,1.0,22,11.0,0
0,0.0,0,1.0,0.0,0.0,0.0,120,0.0,0
1,4.0,0,1.0,0.0,0.0,0.0,560,200.0,0
1,0.0,0,0.0,3.0,0.0,0.0,157,0.0,1
0,2.0,0,0.0,0.0,0.0,0.0,120,0.0,0
1,1.0,0,0.0,0.0,0.0,2.0,273,0.0,0
1,4.0,0,0.0,0.0,0.0,0.0,248,208.0,0
0,0.0,0,0.0,0.0,0.0,0.0,15,0.0,0
1,0.0,0,0.0,1.0,0.0,0.0,66,0.0,1
0,1.0,0,0.0,0.0,0.0,0.0,71,0.0,0
0,1.0,0,0.0,0.0,0.0,0.0,22,0.0,0
1,0.0,0,0.0,0.0,0.0,0.0,90,0.0,0
1,0.0,0,0.0,0.0,0.0,0.0,100,0.0,0
1,8.0,0,0.0,0.0,0.0,0.0,863,0.0,0
0,6.0,0,1.0,0.0,0.0,0.0,798,0.0,0
1,6.0,0,0.0,0.0,0.0,2.0,832,0.0,0
0,7.0,0,1.0,0.0,0.0,0.0,754,0.0,0
0,9.0,1,0.0,0.0,0.0,2.0,841,551.0,0
0,4.0,0,1.0,0.0,0.0,0.0,461,0.0,0
1,9.0,1,1.0,0.0,0.0,0.0,838,506.0,0
1,6.0,1,0.0,0.0,1.0,0.0,546,376.0,0
0,2.0,0,1.0,0.0,0.0,0.0,61,0.0,0
1,0.0,0,0.0,1.0,0.0,0.0,181,0.0,1
0,0.0,0,0.0,0.0,1.0,0.0,110,0.0,1
1,1.0,0,0.0,0.0,0.0,0.0,140,0.0,0
0,1.0,0,0.0,0.0,0.0,1.0,141,0.0,0
1,0.0,0,0.0,1.0,0.0,0.0,31,0.0,1
0,0.0,0,0.0,0.0,0.0,0.0,416,0.0,0
1,0.0,0,0.0,2.0,0.0,0.0,205,0.0,1
0,2.0,0,0.0,0.0,0.0,0.0,221,0.0,0
0,0.0,0,1.0,0.0,0.0,0.0,227,0.0,0
1,0.0,0,0.0,3.0,0.0,0.0,324,0.0,1
0,3.0,0,1.0,0.0,0.0,0.0,209,0.0,0
1,0.0,0,0.0,1.0,0.0,0.0,119,0.0,1
0,1.0,0,0.0,0.0,1.0,1.0,415,0.0,0
0,2.0,0,0.0,0.0,0.0,0.0,119,0.0,0
0,1.0,0,1.0,0.0,0.0,0.0,98,0.0,0
1,2.0,0,1.0,0.0,0.0,0.0,355,0.0,0
1,1.0,0,0.0,0.0,0.0,1.0,183,0.0,0
1,2.0,0,0.0,0.0,0.0,0.0,379,0.0,0
1,8.0,1,1.0,0.0,0.0,0.0,1287,638.0,0
0,4.0,0,1.0,0.0,0.0,0.0,670,0.0,0
1,8.0,1,0.0,0.0,0.0,2.0,743,702.0,0
0,6.0,1,1.0,0.0,0.0,0.0,176,151.0,0
1,3.0,0,0.0,0.0,0.0,0.0,161,0.0,0
1,0.0,0,0.0,2.0,0.0,0.0,624,0.0,1
1,1.0,0,0.0,0.0,0.0,0.0,116,0.0,0
1,0.0,0,0.0,2.0,0.0,0.0,451,0.0,1
1,0.0,0,0.0,3.0,0.0,0.0,417,0.0,1
0,0.0,0,0.0,1.0,1.0,0.0,167,0.0,1
1,5.0,0,1.0,0.0,0.0,1.0,191,0.0,0
1,0.0,0,0.0,0.0,0.0,0.0,75,0.0,0
1,0.0,0,0.0,1.0,0.0,0.0,151,0.0,1
1,0.0,0,0.0,0.0,0.0,0.0,14,0.0,0
1,2.0,0,0.0,0.0,0.0,1.0,220,0.0,0
0,6.0,0,1.0,0.0,0.0,1.0,546,0.0,0
0,3.0,0,1.0,0.0,0.0,0.0,108,0.0,0
1,2.0,0,0.0,0.0,0.0,0.0,35,0.0,0
1,8.0,1,0.0,0.0,1.0,0.0,578,483.0,0
1,8.0,1,1.0,0.0,0.0,0.0,536,383.0,0
1,8.0,1,0.0,0.0,0.0,0.0,596,399.0,0
1,0.0,0,0.0,1.0,0.0,0.0,287,0.0,1
1,4.0,0,0.0,0.0,0.0,0.0,222,0.0,0
1,0.0,0,0.0,1.0,0.0,0.0,619,0.0,1
0,0.0,0,0.0,0.0,1.0,0.0,463,0.0,1
1,6.0,0,0.0,0.0,0.0,1.0,732,0.0,0
0,1.0,0,0.0,0.0,0.0,0.0,311,0.0,0
0,0.0,0,0.0,3.0,0.0,0.0,853,0.0,1
1,1.0,0,0.0,0.0,0.0,0.0,318,0.0,0
1,2.0,0,0.0,0.0,0.0,1.0,908,0.0,0
1,0.0,0,0.0,5.0,0.0,0.0,729,0.0,1
0,5.0,0,1.0,0.0,0.0,1.0,571,0.0,0
0,3.0,0,0.0,0.0,0.0,0.0,529,0.0,0
0,5.0,0,1.0,0.0,0.0,1.0,552,0.0,0
0,3.0,0,0.0,0.0,0.0,0.0,505,0.0,0
0,8.0,1,0.0,0.0,0.0,0.0,559,431.0,0
0,8.0,1,1.0,0.0,0.0,0.0,681,671.0,0
1,1.0,0,0.0,0.0,0.0,0.0,280,0.0,0
0,5.0,0,0.0,0.0,0.0,2.0,535,0.0,0
0,2.0,0,1.0,0.0,0.0,0.0,771,0.0,0
1,3.0,0,1.0,0.0,0.0,0.0,827,0.0,0
1,1.0,0,1.0,0.0,0.0,1.0,268,0.0,0
0,0.0,0,0.0,1.0,0.0,0.0,575,0.0,1
0,7.0,0,1.0,0.0,0.0,0.0,660,0.0,0
0,3.0,0,1.0,0.0,0.0,0.0,796,0.0,0
0,0.0,0,1.0,0.0,0.0,0.0,238,0.0,0
0,3.0,0,1.0,0.0,0.0,2.0,384,0.0,0
0,8.0,1,0.0,0.0,0.0,0.0,668,600.0,0
1,5.0,0,0.0,0.0,0.0,0.0,459,0.0,0
0,2.0,0,1.0,0.0,0.0,0.0,506,0.0,0
0,0.0,0,1.0,0.0,0.0,0.0,223,0.0,0
1,4.0,0,1.0,0.0,0.0,1.0,329,0.0,0
0,0.0,0,0.0,1.0,0.0,0.0,663,0.0,1
0,0.0,0,0.0,1.0,0.0,0.0,662,0.0,1
0,2.0,0,0.0,0.0,0.0,1.0,348,0.0,0
0,7.0,0,1.0,0.0,0.0,0.0,392,0.0,0
1,8.0,1,0.0,0.0,0.0,0.0,1316,678.0,0
1,6.0,0,0.0,0.0,0.0,1.0,943,0.0,0
1,8.0,1,1.0,0.0,0.0,0.0,1354,1340.0,0
1,4.0,0,0.0,0.0,0.0,1.0,951,0.0,0
0,5.0,0,0.0,0.0,0.0,2.0,595,0.0,0
1,2.0,0,0.0,0.0,0.0,0.0,921,0.0,0
0,0.0,0,0.0,1.0,0.0,0.0,295,0.0,1
0,5.0,0,1.0,0.0,0.0,0.0,821,0.0,0
0,0.0,0,0.0,2.0,0.0,0.0,989,0.0,1
0,8.0,1,1.0,0.0,0.0,0.0,1017,932.0,0
0,2.0,0,0.0,0.0,1.0,1.0,801,0.0,0
1,4.0,0,1.0,0.0,0.0,0.0,439,0.0,0
0,0.0,0,0.0,2.0,1.0,0.0,426,0.0,1
0,6.0,0,1.0,0.0,0.0,0.0,540,0.0,0
0,8.0,1,0.0,0.0,0.0,0.0,530,518.0,0
0,0.0,0,0.0,1.0,0.0,0.0,942,0.0,1
1,7.0,0,1.0,0.0,0.0,0.0,859,0.0,0
0,2.0,0,1.0,0.0,0.0,0.0,175,0.0,0
1,5.0,0,1.0,0.0,0.0,2.0,468,0.0,0
1,3.0,0,1.0,0.0,0.0,0.0,238,0.0,0
1,6.0,1,0.0,0.0,0.0,0.0,380,290.0,0
0,3.0,0,0.0,0.0,1.0,0.0,352,0.0,0
1,7.0,1,0.0,0.0,0.0,1.0,664,557.0,0
1,4.0,0,0.0,0.0,0.0,2.0,461,0.0,0
1,5.0,1,0.0,0.0,0.0,2.0,476,321.0,0
1,0.0,0,0.0,0.0,0.0,0.0,74,0.0,0
1,1.0,0,0.0,0.0,0.0,1.0,94,0.0,0
0,0.0,0,0.0,2.0,1.0,0.0,111,0.0,1
1,1.0,0,1.0,0.0,0.0,0.0,115,0.0,0
0,4.0,0,1.0,0.0,0.0,2.0,305,0.0,0
0,3.0,0,1.0,0.0,0.0,1.0,270,0.0,0
1,0.0,0,0.0,3.0,0.0,0.0,559,0.0,1
1,3.0,0,0.0,0.0,0.0,0.0,280,0.0,0
0,3.0,0,0.0,0.0,0.0,0.0,142,0.0,0
1,7.0,1,1.0,0.0,0.0,0.0,566,522.0,0
1,0.0,0,0.0,2.0,0.0,0.0,840,0.0,1
0,4.0,0,1.0,0.0,0.0,0.0,550,0.0,0
1,7.0,1,0.0,0.0,0.0,0.0,805,442.0,0
1,5.0,0,0.0,0.0,0.0,1.0,460,0.0,0
0,7.0,0,0.0,0.0,0.0,0.0,619,0.0,0
1,5.0,0,1.0,0.0,0.0,1.0,1018,0.0,0
0,0.0,0,0.0,2.0,0.0,0.0,565,0.0,1
1,8.0,1,1.0,0.0,0.0,0.0,985,679.0,0
1,1.0,0,1.0,0.0,0.0,0.0,736,0.0,0
1,8.0,1,0.0,0.0,0.0,0.0,969,783.0,0
0,8.0,1,1.0,0.0,0.0,0.0,767,345.0,0
0,8.0,1,0.0,0.0,0.0,0.0,886,639.0,0
1,1.0,0,1.0,0.0,0.0,0.0,674,0.0,0
0,7.0,0,0.0,0.0,0.0,0.0,774,0.0,0
0,7.0,1,1.0,0.0,0.0,0.0,1122,1068.0,0
1,7.0,1,1.0,0.0,0.0,0.0,1076,752.0,0
1,6.0,0,0.0,0.0,0.0,1.0,575,0.0,0
1,7.0,1,1.0,0.0,0.0,0.0,783,481.0,0
1,5.0,0,1.0,0.0,0.0,0.0,519,0.0,0
1,5.0,0,0.0,0.0,0.0,0.0,464,0.0,0
0,0.0,0,0.0,3.0,0.0,0.0,732,0.0,1
1,8.0,1,0.0,0.0,0.0,0.0,805,589.0,0
1,7.0,0,0.0,0.0,0.0,0.0,701,0.0,0
0,0.0,0,0.0,2.0,0.0,0.0,1032,0.0,1
1,8.0,1,1.0,0.0,0.0,0.0,923,554.0,0
0,0.0,0,1.0,0.0,0.0,0.0,39,0.0,0
1,0.0,0,0.0,2.0,0.0,0.0,534,0.0,1
1,0.0,0,0.0,3.0,0.0,0.0,737,0.0,1
0,5.0,0,1.0,0.0,0.0,0.0,589,0.0,0
1,7.0,1,0.0,0.0,0.0,1.0,905,658.0,0
0,7.0,1,0.0,0.0,0.0,0.0,667,394.0,0
0,0.0,0,0.0,3.0,0.0,0.0,706,0.0,1
1,2.0,0,0.0,0.0,0.0,0.0,182,0.0,0
1,4.0,0,0.0,0.0,0.0,0.0,924,0.0,0
1,7.0,0,1.0,0.0,0.0,1.0,880,0.0,0
1,5.0,0,0.0,0.0,0.0,0.0,280,0.0,0
1,8.0,1,1.0,0.0,0.0,0.0,954,628.0,0
1,8.0,1,1.0,0.0,0.0,0.0,1227,891.0,0
1,7.0,1,1.0,0.0,0.0,1.0,748,501.0,0
1,6.0,1,1.0,0.0,0.0,0.0,664,420.0,0
1,0.0,0,0.0,4.0,0.0,0.0,437,0.0,1
0,0.0,0,0.0,1.0,1.0,0.0,736,0.0,1
0,5.0,0,0.0,0.0,0.0,2.0,819,0.0,0
0,5.0,0,0.0,0.0,0.0,2.0,820,0.0,0
0,8.0,1,1.0,0.0,0.0,0.0,781,284.0,0
0,8.0,1,1.0,0.0,0.0,0.0,781,284.0,0
0,0.0,0,0.0,3.0,0.0,0.0,720,0.0,1
0,0.0,0,0.0,3.0,0.0,0.0,720,0.0,1
1,7.0,1,1.0,0.0,0.0,0.0,394,393.0,0
1,7.0,1,1.0,0.0,0.0,0.0,394,393.0,0
1,7.0,1,1.0,0.0,0.0,1.0,639,344.0,0
1,7.0,1,1.0,0.0,0.0,1.0,638,343.0,0
0,7.0,1,0.0,0.0,0.0,3.0,1306,252.0,0
0,7.0,1,0.0,0.0,0.0,3.0,1305,252.0,0
0,0.0,0,0.0,2.0,0.0,0.0,596,0.0,1
0,0.0,0,0.0,2.0,0.0,0.0,596,0.0,1
1,6.0,0,0.0,0.0,0.0,0.0,480,0.0,0
1,6.0,0,0.0,0.0,0.0,0.0,480,0.0,0
0,7.0,1,1.0,0.0,0.0,0.0,874,276.0,0
0,7.0,1,1.0,0.0,0.0,0.0,874,276.0,0
0,5.0,0,1.0,0.0,0.0,0.0,406,0.0,0
0,5.0,0,1.0,0.0,0.0,0.0,405,0.0,0
1,3.0,0,0.0,0.0,0.0,0.0,119,0.0,0
1,3.0,0,0.0,0.0,0.0,0.0,120,0.0,0
1,7.0,1,1.0,0.0,0.0,1.0,741,461.0,0
1,7.0,1,1.0,0.0,0.0,1.0,742,462.0,0
1,0.0,0,0.0,2.0,0.0,0.0,449,0.0,1
1,0.0,0,0.0,2.0,0.0,0.0,449,0.0,1
1,7.0,1,1.0,0.0,0.0,0.0,943,770.0,0
1,7.0,1,1.0,0.0,0.0,0.0,943,770.0,0
1,7.0,1,0.0,0.0,0.0,0.0,529,270.0,0
1,5.0,0,0.0,0.0,0.0,0.0,348,0.0,0
1,4.0,0,1.0,0.0,0.0,2.0,449,0.0,0
0,8.0,1,1.0,0.0,0.0,1.0,504,354.0,0
0,0.0,0,0.0,1.0,0.0,0.0,866,0.0,1
1,5.0,0,0.0,0.0,0.0,1.0,565,0.0,0
1,9.0,1,1.0,0.0,0.0,0.0,941,702.0,0
0,0.0,0,0.0,3.0,1.0,0.0,1265,0.0,1
1,7.0,1,0.0,0.0,0.0,1.0,754,667.0,0
1,0.0,0,0.0,2.0,0.0,0.0,247,0.0,1
0,7.0,1,0.0,0.0,0.0,1.0,962,486.0,0
0,6.0,0,0.0,0.0,1.0,0.0,629,0.0,0
0,3.0,0,0.0,0.0,1.0,0.0,480,0.0,0
0,0.0,0,0.0,2.0,1.0,0.0,713,0.0,1
0,7.0,1,0.0,0.0,0.0,0.0,667,454.0,0
0,2.0,0,0.0,0.0,0.0,1.0,302,0.0,0
1,5.0,0,1.0,0.0,0.0,0.0,319,0.0,0
1,4.0,0,0.0,0.0,0.0,1.0,748,0.0,0
1,0.0,0,0.0,1.0,0.0,0.0,278,0.0,1
0,0.0,0,0.0,1.0,0.0,0.0,538,0.0,1
0,0.0,0,0.0,3.0,1.0,0.0,822,0.0,1
1,7.0,1,0.0,0.0,0.0,1.0,891,535.0,0
0,0.0,0,0.0,1.0,0.0,0.0,755,0.0,1
1,0.0,0,0.0,2.0,0.0,0.0,483,0.0,1
1,8.0,1,1.0,0.0,0.0,1.0,820,480.0,0
1,0.0,0,0.0,3.0,0.0,0.0,555,0.0,1
0,0.0,0,0.0,1.0,1.0,0.0,573,0.0,1
1,0.0,0,0.0,1.0,0.0,0.0,305,0.0,1
1,7.0,1,0.0,0.0,0.0,2.0,872,558.0,0
0,6.0,0,0.0,0.0,0.0,1.0,430,0.0,0
0,0.0,0,0.0,0.0,0.0,0.0,399,0.0,1
0,9.0,1,1.0,0.0,0.0,1.0,782,555.0,0
1,9.0,1,1.0,0.0,0.0,0.0,800,465.0,0
1,9.0,1,0.0,0.0,0.0,0.0,866,687.0,0
0,3.0,0,1.0,0.0,0.0,0.0,464,0.0,0
0,9.0,1,1.0,0.0,0.0,0.0,1010,513.0,0
0,2.0,0,0.0,0.0,0.0,0.0,378,0.0,0
0,7.0,1,1.0,0.0,0.0,0.0,527,356.0,0
1,6.0,0,0.0,0.0,0.0,2.0,480,0.0,0
1,8.0,1,0.0,0.0,0.0,0.0,965,443.0,0
1,7.0,0,0.0,0.0,0.0,0.0,631,0.0,0
0,8.0,1,1.0,0.0,0.0,0.0,1013,413.0,0
0,7.0,1,0.0,0.0,0.0,0.0,783,408.0,0
1,7.0,1,1.0,0.0,0.0,0.0,843,704.0,0
1,7.0,1,0.0,0.0,0.0,2.0,1157,284.0,0
0,5.0,0,1.0,0.0,0.0,0.0,510,0.0,0
1,7.0,0,0.0,0.0,0.0,0.0,602,0.0,0
1,8.0,1,0.0,0.0,0.0,1.0,929,654.0,0
1,4.0,0,0.0,0.0,0.0,0.0,646,0.0,0
0,2.0,0,1.0,0.0,0.0,0.0,688,0.0,0
0,6.0,0,0.0,0.0,0.0,2.0,1131,0.0,0
0,3.0,0,1.0,0.0,0.0,1.0,350,0.0,0
0,0.0,0,0.0,2.0,0.0,0.0,995,0.0,1
0,4.0,0,1.0,0.0,0.0,0.0,855,0.0,0
0,0.0,0,0.0,2.0,0.0,0.0,768,0.0,1
1,7.0,1,0.0,0.0,0.0,0.0,608,352.0,0
1,6.0,0,0.0,0.0,0.0,1.0,501,0.0,0
0,8.0,1,1.0,0.0,0.0,2.0,663,514.0,0
1,7.0,1,1.0,0.0,0.0,0.0,638,339.0,0
0,6.0,0,0.0,0.0,0.0,0.0,553,0.0,0
0,8.0,1,0.0,0.0,0.0,2.0,864,525.0,0
1,7.0,1,0.0,0.0,0.0,1.0,804,491.0,0
1,1.0,0,0.0,0.0,1.0,0.0,413,0.0,0
1,8.0,1,0.0,0.0,0.0,4.0,1600,891.0,0
1,8.0,1,0.0,0.0,1.0,0.0,1105,743.0,0
0,8.0,1,1.0,0.0,0.0,0.0,955,739.0,0
0,4.0,0,1.0,0.0,0.0,1.0,558,0.0,0
1,5.0,1,1.0,0.0,0.0,0.0,303,263.0,0
0,0.0,0,0.0,0.0,0.0,0.0,555,0.0,1
1,3.0,0,1.0,0.0,0.0,0.0,199,0.0,0
0,6.0,0,1.0,0.0,0.0,0.0,365,0.0,0
0,0.0,0,0.0,0.0,0.0,0.0,306,0.0,0
0,0.0,0,0.0,0.0,0.0,0.0,18,0.0,0
1,0.0,0,0.0,2.0,0.0,0.0,463,0.0,1
1,5.0,0,0.0,0.0,0.0,0.0,292,0.0,0
1,8.0,1,1.0,0.0,0.0,0.0,679,339.0,0
0,2.0,0,1.0,0.0,0.0,0.0,300,0.0,0
0,8.0,1,0.0,0.0,0.0,1.0,679,460.0,0
1,2.0,0,1.0,0.0,0.0,1.0,359,0.0,0
1,1.0,0,0.0,0.0,0.0,1.0,268,0.0,0
0,7.0,0,1.0,0.0,0.0,0.0,177,0.0,0
1,0.0,0,0.0,8.0,0.0,0.0,194,0.0,1
1,0.0,0,0.0,2.0,0.0,0.0,537,0.0,1
1,0.0,0,0.0,1.0,0.0,0.0,546,0.0,1
0,0.0,0,0.0,0.0,0.0,0.0,1100,0.0,1
0,4.0,0,1.0,0.0,0.0,0.0,291,0.0,0
1,0.0,0,0.0,2.0,0.0,0.0,350,0.0,1
0,0.0,0,0.0,2.0,1.0,0.0,358,0.0,1
0,4.0,0,1.0,0.0,0.0,1.0,351,0.0,0
1,8.0,1,0.0,0.0,0.0,0.0,850,676.0,0
0,7.0,0,1.0,0.0,0.0,3.0,590,0.0,0
0,9.0,1,1.0,0.0,0.0,0.0,671,630.0,0
1,9.0,1,0.0,0.0,0.0,2.0,669,260.0,0
1,8.0,0,0.0,0.0,0.0,1.0,711,0.0,0
0,6.0,0,1.0,0.0,0.0,1.0,470,0.0,0
0,7.0,1,1.0,0.0,0.0,2.0,774,730.0,0
1,7.0,1,0.0,0.0,0.0,2.0,399,170.0,0
0,7.0,1,1.0,0.0,0.0,2.0,1220,311.0,0
0,2.0,0,0.0,0.0,0.0,0.0,270,0.0,0
0,4.0,0,1.0,0.0,0.0,0.0,228,0.0,0
1,1.0,0,0.0,0.0,0.0,2.0,819,0.0,0
0,8.0,1,1.0,0.0,0.0,0.0,757,519.0,0
0,0.0,0,0.0,2.0,0.0,0.0,249,0.0,1
1,3.0,0,1.0,0.0,0.0,0.0,182,0.0,0
1,2.0,0,1.0,0.0,0.0,0.0,31,0.0,0
0,5.0,0,0.0,0.0,0.0,1.0,475,0.0,0
0,1.0,0,0.0,0.0,0.0,0.0,241,0.0,0
0,1.0,0,1.0,0.0,0.0,0.0,112,0.0,0
1,2.0,0,0.0,0.0,0.0,0.0,212,0.0,0
0,4.0,0,1.0,0.0,0.0,0.0,385,0.0,0
1,0.0,0,0.0,2.0,0.0,0.0,318,0.0,1
0,0.0,0,0.0,1.0,0.0,0.0,281,0.0,1
1,0.0,0,0.0,1.0,0.0,0.0,39,0.0,1
1,2.0,0,1.0,0.0,0.0,0.0,117,0.0,0
1,0.0,0,0.0,1.0,0.0,0.0,30,0.0,1
0,4.0,0,0.0,0.0,0.0,0.0,206,205.0,0
0,3.0,0,0.0,0.0,1.0,0.0,268,0.0,0
0,4.0,0,1.0,0.0,0.0,0.0,242,111.0,0
0,0.0,0,0.0,0.0,0.0,0.0,147,0.0,0
0,4.0,0,1.0,0.0,0.0,0.0,357,357.0,0
0,1.0,0,0.0,0.0,0.0,0.0,161,0.0,0
1,4.0,0,0.0,0.0,0.0,0.0,441,320.0,0
1,2.0,0,0.0,0.0,0.0,0.0,282,0.0,0
0,0.0,0,0.0,0.0,0.0,1.0,132,0.0,0
1,3.0,0,0.0,0.0,0.0,1.0,456,0.0,0
1,4.0,0,0.0,0.0,0.0,2.0,459,459.0,0
1,3.0,0,0.0,0.0,1.0,0.0,172,0.0,0
0,4.0,0,0.0,0.0,0.0,1.0,645,278.0,0
1,0.0,0,0.0,1.0,0.0,0.0,111,0.0,1
0,1.0,0,0.0,0.0,0.0,0.0,214,0.0,0
1,0.0,0,0.0,1.0,0.0,0.0,182,0.0,1
1,1.0,0,0.0,0.0,0.0,0.0,203,0.0,0
0,0.0,0,0.0,0.0,0.0,0.0,138,0.0,0
0,2.0,0,1.0,0.0,0.0,0.0,285,0.0,0
0,1.0,0,0.0,0.0,1.0,1.0,203,0.0,0
1,0.0,0,0.0,2.0,0.0,0.0,110,0.0,1
0,0.0,0,1.0,0.0,0.0,0.0,35,0.0,0
0,1.0,0,1.0,0.0,0.0,0.0,206,0.0,0
1,0.0,0,0.0,2.0,0.0,0.0,130,0.0,1
1,0.0,0,0.0,2.0,0.0,0.0,143,0.0,1
0,1.0,0,1.0,0.0,0.0,0.0,46,0.0,0
0,1.0,0,1.0,0.0,0.0,1.0,180,0.0,0
0,5.0,1,1.0,0.0,0.0,1.0,294,283.0,0
1,0.0,0,1.0,0.0,0.0,0.0,118,0.0,0
0,0.0,0,0.0,1.0,0.0,0.0,67,0.0,1
0,5.0,1,1.0,0.0,0.0,0.0,494,482.0,0
1,1.0,0,0.0,0.0,0.0,0.0,121,0.0,0
0,0.0,0,0.0,1.0,0.0,0.0,101,0.0,1
0,0.0,0,0.0,0.0,0.0,1.0,158,0.0,0
1,0.0,0,0.0,0.0,0.0,0.0,297,0.0,1
0,3.0,0,1.0,0.0,0.0,0.0,182,0.0,0
0,1.0,0,1.0,0.0,0.0,0.0,100,0.0,0
0,4.0,0,1.0,0.0,0.0,2.0,461,460.0,0
0,0.0,0,0.0,1.0,0.0,0.0,276,0.0,1
1,4.0,0,1.0,0.0,0.0,1.0,322,150.0,0
1,4.0,0,0.0,0.0,0.0,0.0,434,434.0,0
1,4.0,0,0.0,0.0,0.0,2.0,203,0.0,0
1,4.0,0,1.0,0.0,0.0,0.0,395,0.0,0
0,0.0,0,0.0,3.0,0.0,0.0,419,0.0,1
1,6.0,1,1.0,0.0,0.0,0.0,496,358.0,0
0,2.0,0,1.0,0.0,0.0,0.0,430,0.0,0
1,6.0,1,0.0,0.0,0.0,0.0,429,428.0,0
0,5.0,1,1.0,0.0,0.0,0.0,665,320.0,0
0,0.0,0,0.0,3.0,1.0,0.0,386,0.0,1
0,5.0,1,1.0,0.0,0.0,0.0,285,284.0,0
1,1.0,0,0.0,0.0,0.0,0.0,126,0.0,0
0,8.0,1,0.0,0.0,1.0,0.0,576,406.0,0
0,0.0,0,0.0,1.0,1.0,0.0,685,0.0,1
0,4.0,0,0.0,0.0,1.0,0.0,574,0.0,0
1,6.0,0,1.0,0.0,0.0,0.0,450,0.0,0
0,5.0,0,1.0,0.0,0.0,3.0,1222,0.0,0
1,0.0,0,0.0,2.0,1.0,0.0,979,0.0,1
0,0.0,0,0.0,1.0,0.0,0.0,454,0.0,1
1,7.0,0,0.0,0.0,0.0,1.0,652,0.0,0
0,8.0,1,1.0,0.0,0.0,1.0,680,472.0,0
1,8.0,1,1.0,0.0,0.0,0.0,1528,1106.0,0
0,7.0,1,1.0,0.0,0.0,0.0,547,370.0,0
1,7.0,1,1.0,0.0,0.0,0.0,570,289.0,0
0,7.0,1,0.0,0.0,0.0,0.0,700,510.0,0
1,7.0,1,0.0,0.0,0.0,1.0,764,635.0,0
1,6.0,0,0.0,0.0,0.0,1.0,778,0.0,0
1,6.0,0,0.0,0.0,0.0,0.0,423,0.0,0
0,5.0,0,1.0,0.0,0.0,0.0,666,0.0,0
0,2.0,0,0.0,0.0,0.0,1.0,596,0.0,0
1,3.0,0,0.0,0.0,0.0,0.0,182,0.0,0
1,4.0,0,0.0,0.0,0.0,1.0,741,0.0,0
0,3.0,0,1.0,0.0,0.0,2.0,518,0.0,0
1,7.0,1,1.0,0.0,0.0,1.0,668,515.0,0
0,7.0,1,1.0,0.0,0.0,0.0,865,274.0,0
1,7.0,1,0.0,0.0,0.0,0.0,973,834.0,0
0,7.0,1,1.0,0.0,0.0,1.0,951,115.0,0
1,7.0,1,0.0,0.0,0.0,1.0,693,263.0,0
0,6.0,0,0.0,0.0,0.0,0.0,487,0.0,0
1,7.0,1,0.0,0.0,0.0,1.0,1008,1006.0,0
1,0.0,0,0.0,1.0,0.0,0.0,236,0.0,1
1,0.0,0,0.0,2.0,0.0,0.0,555,0.0,1
0,5.0,0,1.0,0.0,0.0,0.0,297,0.0,0
0,0.0,0,0.0,2.0,0.0,0.0,939,0.0,1
1,7.0,1,0.0,0.0,0.0,3.0,540,507.0,0
1,0.0,0,0.0,1.0,0.0,0.0,445,0.0,1
0,7.0,1,1.0,0.0,0.0,0.0,451,433.0,0
0,5.0,0,0.0,0.0,0.0,1.0,629,0.0,0
0,1.0,0,0.0,0.0,0.0,0.0,164,0.0,0
1,7.0,1,1.0,0.0,0.0,1.0,1259,465.0,0
0,2.0,0,0.0,0.0,0.0,0.0,278,0.0,0
0,0.0,0,0.0,2.0,0.0,0.0,1106,0.0,1
0,5.0,0,0.0,0.0,0.0,0.0,870,0.0,0
1,7.0,1,1.0,0.0,0.0,0.0,976,780.0,0
1,4.0,0,0.0,0.0,0.0,0.0,304,0.0,0
1,2.0,0,0.0,0.0,0.0,0.0,359,0.0,0
1,7.0,1,0.0,0.0,0.0,0.0,565,564.0,0
1,0.0,0,0.0,2.0,0.0,0.0,50,0.0,1
1,3.0,0,0.0,0.0,0.0,0.0,281,0.0,0
0,4.0,0,1.0,0.0,0.0,0.0,314,0.0,0
1,5.0,1,0.0,0.0,0.0,0.0,634,296.0,0
1,5.0,0,1.0,0.0,0.0,0.0,371,0.0,0
1,8.0,1,0.0,0.0,0.0,0.0,588,407.0,0
1,3.0,0,0.0,0.0,0.0,0.0,641,0.0,0
1,7.0,0,0.0,0.0,0.0,0.0,586,0.0,0
1,8.0,1,0.0,0.0,0.0,1.0,1299,652.0,0
1,5.0,0,0.0,0.0,0.0,2.0,857,0.0,0
0,5.0,0,1.0,0.0,0.0,1.0,695,0.0,0
1,8.0,1,1.0,0.0,0.0,2.0,1112,912.0,0
1,8.0,1,1.0,0.0,0.0,0.0,1124,687.0,0
1,0.0,0,0.0,3.0,0.0,0.0,1062,0.0,1
1,0.0,0,0.0,1.0,0.0,0.0,878,0.0,1
0,5.0,0,1.0,0.0,0.0,0.0,498,0.0,0
0,0.0,0,0.0,1.0,0.0,0.0,1236,0.0,1
1,4.0,0,0.0,0.0,0.0,0.0,431,0.0,0
1,7.0,1,1.0,0.0,0.0,0.0,459,369.0,0
1,6.0,0,1.0,0.0,0.0,0.0,856,0.0,0
0,4.0,0,1.0,0.0,0.0,0.0,511,0.0,0
0,0.0,0,0.0,4.0,0.0,0.0,713,0.0,1
1,6.0,1,0.0,0.0,0.0,1.0,386,258.0,0
0,0.0,0,0.0,1.0,1.0,0.0,91,0.0,1
0,2.0,0,0.0,0.0,0.0,0.0,311,0.0,0
0,6.0,1,0.0,0.0,0.0,0.0,694,666.0,0
0,0.0,0,0.0,2.0,0.0,0.0,1447,0.0,1
1,0.0,0,0.0,1.0,0.0,0.0,135,0.0,1
0,8.0,1,1.0,0.0,0.0,0.0,802,679.0,0
1,8.0,1,1.0,0.0,0.0,0.0,976,809.0,0
0,0.0,0,0.0,0.0,0.0,0.0,910,0.0,1
0,0.0,0,0.0,2.0,0.0,0.0,579,0.0,1
1,3.0,0,0.0,0.0,0.0,0.0,339,0.0,0
0,5.0,0,0.0,0.0,0.0,0.0,631,0.0,0
0,1.0,0,0.0,0.0,0.0,0.0,811,0.0,0
0,1.0,0,1.0,0.0,0.0,0.0,939,0.0,0
1,0.0,0,0.0,0.0,0.0,0.0,257,0.0,0
1,2.0,0,0.0,0.0,0.0,0.0,502,0.0,0
0,0.0,0,0.0,2.0,0.0,0.0,520,0.0,1
0,1.0,0,1.0,0.0,0.0,0.0,523,0.0,0
0,0.0,0,0.0,1.0,0.0,0.0,409,0.0,1
0,0.0,0,1.0,0.0,0.0,0.0,520,0.0,0
1,6.0,0,0.0,0.0,0.0,0.0,793,0.0,0
0,4.0,0,0.0,0.0,0.0,0.0,511,0.0,0
1,0.0,0,0.0,0.0,0.0,0.0,20,0.0,0
0,7.0,1,1.0,0.0,0.0,1.0,1086,576.0,0
0,4.0,0,0.0,0.0,0.0,2.0,874,0.0,0
1,8.0,1,0.0,0.0,0.0,0.0,648,648.0,0
1,0.0,0,0.0,3.0,0.0,0.0,514,0.0,1
0,0.0,0,0.0,1.0,0.0,0.0,735,0.0,1
0,0.0,0,0.0,3.0,0.0,0.0,1130,0.0,1
0,7.0,1,1.0,0.0,0.0,0.0,909,908.0,0
0,7.0,1,0.0,0.0,0.0,0.0,865,422.0,0
1,6.0,0,0.0,0.0,0.0,1.0,1091,0.0,0
0,5.0,0,1.0,0.0,0.0,1.0,1169,0.0,0
1,5.0,0,1.0,0.0,0.0,0.0,704,0.0,0
1,5.0,0,0.0,0.0,0.0,0.0,504,0.0,0
1,6.0,0,0.0,0.0,0.0,0.0,662,0.0,0
0,7.0,1,0.0,0.0,0.0,3.0,827,801.0,0
1,7.0,1,0.0,0.0,1.0,1.0,1193,992.0,0
1,7.0,1,0.0,0.0,0.0,1.0,839,838.0,0
1,5.0,0,0.0,0.0,0.0,0.0,1540,0.0,0
0,0.0,0,0.0,4.0,1.0,0.0,831,0.0,1
1,2.0,0,0.0,0.0,0.0,1.0,538,0.0,0
1,7.0,1,0.0,0.0,0.0,0.0,1114,1112.0,0
0,7.0,1,0.0,0.0,0.0,0.0,834,374.0,0
0,5.0,0,1.0,0.0,0.0,0.0,1017,0.0,0
1,7.0,1,0.0,0.0,0.0,1.0,1194,1156.0,0
1,7.0,1,0.0,0.0,0.0,2.0,893,752.0,0
1,7.0,1,1.0,0.0,0.0,1.0,886,649.0,0
1,6.0,0,1.0,0.0,0.0,2.0,1046,0.0,0
0,6.0,0,1.0,0.0,0.0,1.0,728,0.0,0
1,0.0,0,0.0,4.0,0.0,0.0,811,0.0,1
0,1.0,0,0.0,0.0,0.0,0.0,391,0.0,0
1,0.0,0,0.0,0.0,0.0,0.0,242,0.0,0
1,1.0,0,1.0,0.0,0.0,0.0,197,0.0,0
0,6.0,1,1.0,0.0,0.0,1.0,741,739.0,0
1,0.0,0,1.0,0.0,0.0,0.0,519,0.0,0
0,6.0,1,1.0,0.0,0.0,0.0,823,312.0,0
0,4.0,0,0.0,0.0,1.0,0.0,660,0.0,0
0,0.0,0,0.0,0.0,0.0,1.0,204,0.0,0
1,0.0,0,0.0,1.0,0.0,0.0,1302,0.0,1
0,0.0,0,0.0,2.0,1.0,0.0,1098,0.0,1
0,6.0,0,1.0,0.0,0.0,1.0,915,0.0,0
0,1.0,0,1.0,0.0,0.0,0.0,766,0.0,0
0,0.0,0,0.0,2.0,1.0,0.0,960,0.0,1
1,7.0,1,0.0,0.0,0.0,0.0,798,569.0,0
1,7.0,0,0.0,0.0,0.0,0.0,518,0.0,0
0,1.0,0,1.0,0.0,0.0,0.0,629,0.0,0
1,7.0,0,1.0,0.0,0.0,0.0,404,0.0,0
1,8.0,1,1.0,0.0,0.0,1.0,530,507.0,0
0,2.0,0,1.0,0.0,0.0,1.0,358,0.0,0
1,8.0,1,0.0,0.0,0.0,0.0,947,946.0,0
1,7.0,0,0.0,0.0,0.0,0.0,659,0.0,0
0,0.0,0,0.0,4.0,0.0,0.0,1174,0.0,1
0,2.0,0,1.0,0.0,0.0,0.0,1178,0.0,0
0,3.0,0,1.0,0.0,0.0,0.0,680,0.0,0
1,8.0,1,1.0,0.0,0.0,0.0,442,387.0,0
1,4.0,0,1.0,0.0,0.0,0.0,342,0.0,0
1,7.0,1,0.0,0.0,0.0,0.0,996,152.0,0
1,0.0,0,0.0,3.0,0.0,0.0,640,0.0,1
1,3.0,0,0.0,0.0,0.0,2.0,663,0.0,0
0,5.0,0,0.0,0.0,0.0,0.0,1315,0.0,0
0,6.0,0,0.0,0.0,0.0,0.0,706,0.0,0
1,0.0,0,0.0,1.0,0.0,0.0,571,0.0,1
0,7.0,1,0.0,0.0,0.0,0.0,900,714.0,0
0,7.0,0,0.0,0.0,0.0,1.0,927,0.0,0
0,7.0,0,1.0,0.0,0.0,0.0,1464,0.0,0
1,4.0,0,0.0,0.0,0.0,2.0,963,0.0,0
0,5.0,0,0.0,0.0,0.0,1.0,688,0.0,0
0,1.0,0,0.0,0.0,0.0,0.0,456,0.0,0
1,4.0,0,0.0,0.0,0.0,0.0,395,0.0,0
1,5.0,0,0.0,0.0,0.0,1.0,973,0.0,0
1,5.0,0,1.0,0.0,0.0,0.0,1188,0.0,0
1,0.0,0,0.0,2.0,0.0,0.0,685,0.0,1
1,0.0,0,0.0,4.0,0.0,0.0,800,0.0,1
0,3.0,0,0.0,0.0,0.0,1.0,691,0.0,0
1,0.0,0,0.0,1.0,0.0,0.0,377,0.0,1
0,5.0,0,1.0,0.0,0.0,0.0,720,0.0,0
0,5.0,0,1.0,0.0,0.0,1.0,678,0.0,0
1,1.0,0,0.0,0.0,0.0,0.0,742,0.0,0
0,7.0,1,1.0,0.0,0.0,0.0,884,687.0,0
1,3.0,0,1.0,0.0,0.0,3.0,716,0.0,0
1,6.0,0,0.0,0.0,0.0,1.0,735,0.0,0
1,0.0,0,0.0,4.0,0.0,0.0,669,0.0,1
1,7.0,1,0.0,0.0,0.0,0.0,997,297.0,0
0,0.0,0,0.0,2.0,1.0,0.0,1234,0.0,1
0,7.0,1,1.0,0.0,0.0,0.0,1529,1323.0,0
1,2.0,0,1.0,0.0,0.0,1.0,635,0.0,0
0,5.0,0,1.0,0.0,0.0,1.0,475,0.0,0
1,0.0,0,0.0,4.0,0.0,0.0,852,0.0,1
1,0.0,0,0.0,2.0,0.0,0.0,594,0.0,1
1,3.0,0,1.0,0.0,0.0,0.0,663,0.0,0
0,6.0,1,0.0,0.0,1.0,1.0,1249,804.0,0
0,8.0,1,1.0,0.0,0.0,0.0,1043,658.0,0
1,8.0,1,0.0,0.0,0.0,1.0,1025,815.0,0
0,3.0,0,0.0,0.0,0.0,0.0,556,0.0,0
1,8.0,1,0.0,0.0,0.0,0.0,735,602.0,0
1,0.0,0,0.0,2.0,0.0,0.0,465,0.0,1
0,7.0,0,1.0,0.0,0.0,0.0,1109,0.0,0
1,8.0,1,0.0,0.0,1.0,0.0,635,480.0,0
1,8.0,1,0.0,0.0,0.0,1.0,836,517.0,0
0,0.0,0,0.0,1.0,1.0,0.0,290,0.0,1
1,8.0,1,0.0,0.0,0.0,2.0,757,641.0,0
1,7.0,1,0.0,0.0,0.0,2.0,774,361.0,0
1,0.0,0,0.0,1.0,0.0,0.0,488,0.0,1
0,4.0,0,0.0,0.0,0.0,3.0,570,0.0,0
1,0.0,0,0.0,2.0,0.0,0.0,718,0.0,1
1,7.0,1,0.0,0.0,0.0,1.0,1450,332.0,0
0,0.0,0,0.0,1.0,1.0,0.0,920,0.0,1
1,2.0,0,1.0,0.0,0.0,0.0,340,0.0,0
1,4.0,0,0.0,0.0,0.0,0.0,427,0.0,0
1,4.0,0,1.0,0.0,0.0,0.0,300,0.0,0
1,7.0,1,1.0,0.0,0.0,1.0,1471,961.0,0
1,7.0,1,1.0,0.0,0.0,2.0,987,920.0,0
1,6.0,0,0.0,0.0,0.0,0.0,420,0.0,0
0,7.0,1,1.0,0.0,0.0,0.0,866,375.0,0
1,8.0,1,1.0,0.0,0.0,0.0,735,443.0,0
1,8.0,1,1.0,0.0,0.0,0.0,808,641.0,0
1,0.0,0,0.0,2.0,0.0,0.0,470,0.0,1
0,8.0,1,1.0,0.0,0.0,0.0,721,516.0,0
0,7.0,0,0.0,0.0,0.0,0.0,369,0.0,0
0,6.0,0,1.0,0.0,0.0,0.0,636,0.0,0
1,0.0,0,0.0,1.0,0.0,0.0,974,0.0,1
1,8.0,1,0.0,0.0,0.0,0.0,1049,982.0,0
1,8.0,1,1.0,0.0,0.0,2.0,812,628.0,0
0,8.0,1,0.0,0.0,0.0,0.0,1081,816.0,0
0,8.0,1,1.0,0.0,0.0,2.0,629,555.0,0
1,8.0,1,0.0,0.0,0.0,0.0,568,463.0,0
1,4.0,0,0.0,0.0,0.0,0.0,353,0.0,0
0,5.0,1,0.0,0.0,0.0,0.0,545,234.0,0
0,8.0,0,1.0,0.0,0.0,2.0,575,0.0,0
1,9.0,1,1.0,0.0,0.0,0.0,556,292.0,0
0,9.0,1,1.0,0.0,0.0,1.0,322,318.0,0
0,8.0,1,1.0,0.0,0.0,0.0,162,154.0,0
1,0.0,0,0.0,0.0,0.0,0.0,79,0.0,0
1,0.0,0,0.0,0.0,0.0,0.0,49,0.0,0
1,8.0,1,0.0,0.0,0.0,1.0,609,394.0,0
1,2.0,0,1.0,0.0,0.0,0.0,179,0.0,0
0,9.0,1,1.0,0.0,0.0,0.0,674,270.0,0
0,7.0,0,0.0,0.0,0.0,0.0,417,0.0,0
1,9.0,1,1.0,0.0,0.0,0.0,396,248.0,0
1,0.0,0,0.0,2.0,0.0,0.0,378,0.0,1
0,8.0,1,1.0,0.0,0.0,2.0,645,581.0,0
1,4.0,0,1.0,0.0,0.0,0.0,297,0.0,0
1,6.0,1,1.0,0.0,0.0,0.0,494,282.0,0
1,9.0,1,0.0,0.0,0.0,0.0,725,480.0,0
0,0.0,0,0.0,3.0,1.0,0.0,635,0.0,1
0,7.0,0,1.0,0.0,0.0,0.0,431,0.0,0
1,0.0,0,0.0,4.0,0.0,0.0,757,0.0,1
1,9.0,1,0.0,0.0,0.0,0.0,795,588.0,0
1,0.0,0,0.0,6.0,0.0,0.0,234,0.0,1
1,0.0,0,0.0,6.0,0.0,0.0,227,0.0,1
0,9.0,1,1.0,0.0,0.0,0.0,237,153.0,0
1,8.0,1,0.0,0.0,0.0,0.0,376,174.0,0
1,8.0,1,1.0,0.0,0.0,0.0,1378,443.0,0
1,8.0,1,0.0,0.0,0.0,0.0,455,350.0,0
1,8.0,1,1.0,0.0,0.0,0.0,312,175.0,0
0,0.0,0,0.0,2.0,0.0,0.0,717,0.0,1
0,0.0,0,0.0,1.0,0.0,0.0,383,0.0,1
0,5.0,0,0.0,0.0,0.0,1.0,449,0.0,0
0,9.0,1,0.0,0.0,0.0,0.0,573,427.0,0
1,4.0,0,1.0,0.0,0.0,1.0,521,0.0,0
1,1.0,0,1.0,0.0,0.0,1.0,209,0.0,0
0,8.0,1,1.0,0.0,0.0,0.0,725,446.0,0
1,8.0,1,0.0,0.0,0.0,0.0,418,256.0,0
1,4.0,0,0.0,0.0,0.0,0.0,227,0.0,0
1,7.0,0,0.0,0.0,0.0,0.0,303,0.0,0
1,5.0,0,1.0,0.0,0.0,0.0,466,0.0,0
0,1.0,0,1.0,0.0,0.0,0.0,483,0.0,0
1,8.0,1,0.0,0.0,0.0,0.0,839,403.0,0
0,5.0,0,0.0,0.0,0.0,1.0,301,0.0,0
0,6.0,0,0.0,0.0,0.0,1.0,468,0.0,0
1,3.0,0,0.0,0.0,0.0,0.0,211,0.0,0
1,0.0,0,0.0,2.0,0.0,0.0,327,0.0,1
0,7.0,1,1.0,0.0,0.0,1.0,709,497.0,0
1,8.0,1,0.0,0.0,0.0,0.0,1480,579.0,0
1,8.0,1,1.0,0.0,0.0,0.0,634,517.0,0
1,4.0,0,1.0,0.0,0.0,0.0,461,0.0,0
1,8.0,1,1.0,0.0,0.0,0.0,1078,1078.0,0
1,5.0,0,1.0,0.0,0.0,0.0,1076,0.0,0
0,4.0,0,1.0,0.0,0.0,0.0,960,0.0,0
1,2.0,0,0.0,0.0,0.0,0.0,255,0.0,0
1,8.0,1,0.0,0.0,0.0,2.0,1210,919.0,0
1,7.0,1,1.0,0.0,0.0,0.0,1081,872.0,0
1,7.0,1,0.0,0.0,0.0,1.0,1147,855.0,0
0,0.0,0,0.0,2.0,0.0,0.0,890,0.0,1
1,2.0,0,1.0,0.0,0.0,0.0,1211,0.0,0
1,7.0,1,1.0,0.0,0.0,1.0,1351,1033.0,0
0,2.0,0,1.0,0.0,0.0,1.0,614,0.0,0
1,5.0,0,1.0,0.0,0.0,0.0,646,0.0,0
1,7.0,1,0.0,0.0,0.0,0.0,957,955.0,0
0,7.0,1,0.0,0.0,0.0,0.0,656,651.0,0
0,0.0,0,0.0,3.0,0.0,0.0,750,0.0,1
0,0.0,0,0.0,2.0,0.0,0.0,696,0.0,1
1,7.0,1,1.0,0.0,0.0,0.0,1107,770.0,0
1,7.0,1,1.0,0.0,0.0,0.0,748,361.0,0
0,3.0,0,1.0,0.0,0.0,0.0,377,217.0,0
0,3.0,0,0.0,0.0,0.0,0.0,637,0.0,0
0,0.0,0,0.0,1.0,0.0,0.0,669,0.0,1
1,0.0,0,0.0,1.0,0.0,0.0,947,0.0,1
0,5.0,0,1.0,0.0,0.0,0.0,454,0.0,0
0,0.0,0,1.0,0.0,0.0,0.0,209,0.0,0
1,3.0,0,0.0,0.0,0.0,0.0,382,0.0,0
1,8.0,1,1.0,0.0,0.0,0.0,873,384.0,0
1,0.0,0,0.0,2.0,0.0,0.0,897,0.0,1
0,2.0,0,1.0,0.0,0.0,0.0,564,0.0,0
0,2.0,0,1.0,0.0,0.0,0.0,548,0.0,0
0,0.0,0,0.0,4.0,0.0,0.0,893,0.0,1
1,0.0,0,0.0,4.0,0.0,0.0,643,0.0,1
1,0.0,0,0.0,0.0,0.0,0.0,120,0.0,0
1,1.0,0,0.0,0.0,0.0,0.0,43,0.0,0
0,2.0,0,1.0,0.0,0.0,0.0,315,0.0,0
1,0.0,0,0.0,2.0,0.0,0.0,436,0.0,1
1,8.0,1,0.0,0.0,0.0,0.0,1740,847.0,0
1,0.0,0,0.0,2.0,0.0,0.0,513,0.0,1
0,3.0,0,0.0,0.0,0.0,1.0,707,0.0,0
0,6.0,0,1.0,0.0,0.0,0.0,706,0.0,0
0,8.0,1,1.0,0.0,0.0,0.0,987,557.0,0
1,0.0,0,0.0,2.0,0.0,0.0,665,0.0,1
0,8.0,1,0.0,0.0,0.0,0.0,1063,858.0,0
1,2.0,0,1.0,0.0,0.0,0.0,411,0.0,0
0,0.0,0,0.0,3.0,0.0,0.0,545,0.0,1
1,7.0,1,0.0,0.0,0.0,0.0,1097,834.0,0
0,7.0,1,1.0,0.0,0.0,1.0,1175,869.0,0
1,0.0,0,0.0,0.0,0.0,2.0,620,0.0,0
1,7.0,1,0.0,0.0,0.0,0.0,872,486.0,0
1,8.0,1,1.0,0.0,0.0,0.0,1374,924.0,0
0,8.0,1,1.0,0.0,0.0,1.0,1388,819.0,0
0,8.0,1,0.0,0.0,0.0,2.0,936,554.0,0
1,0.0,0,0.0,2.0,0.0,0.0,663,0.0,1
0,3.0,0,1.0,0.0,0.0,0.0,508,0.0,0
0,3.0,0,1.0,0.0,0.0,0.0,145,0.0,0
0,2.0,0,1.0,0.0,0.0,0.0,118,0.0,0
1,1.0,0,1.0,0.0,0.0,0.0,363,0.0,0
0,2.0,0,1.0,0.0,0.0,0.0,237,0.0,0
1,7.0,1,1.0,0.0,0.0,0.0,591,503.0,0
1,5.0,0,0.0,0.0,0.0,0.0,909,0.0,0
0,0.0,0,0.0,3.0,0.0,0.0,941,0.0,1
0,5.0,0,1.0,0.0,0.0,0.0,571,0.0,0
1,7.0,1,1.0,0.0,0.0,0.0,618,244.0,0
1,3.0,0,0.0,0.0,0.0,1.0,254,0.0,0
0,0.0,0,0.0,3.0,0.0,0.0,1049,0.0,1
1,8.0,1,1.0,0.0,0.0,0.0,811,429.0,0
0,8.0,1,0.0,0.0,0.0,0.0,1082,1072.0,0
0,6.0,0,1.0,0.0,0.0,0.0,631,0.0,0
1,2.0,0,0.0,0.0,0.0,0.0,568,0.0,0
0,0.0,0,0.0,2.0,0.0,0.0,353,0.0,1
0,8.0,1,0.0,0.0,0.0,0.0,1087,691.0,0
0,6.0,0,0.0,0.0,0.0,1.0,491,0.0,0
1,8.0,1,1.0,0.0,0.0,0.0,1152,917.0,0
0,3.0,0,1.0,0.0,0.0,0.0,495,0.0,0
0,8.0,1,1.0,0.0,0.0,0.0,692,356.0,0
1,4.0,0,1.0,0.0,0.0,0.0,903,0.0,0
0,8.0,1,1.0,0.0,0.0,1.0,1155,755.0,0
1,8.0,1,1.0,0.0,0.0,1.0,1258,1172.0,0
0,0.0,0,0.0,3.0,1.0,0.0,976,0.0,1
1,0.0,0,0.0,3.0,0.0,0.0,744,0.0,1
0,0.0,0,0.0,5.0,1.0,0.0,994,0.0,1
0,7.0,0,0.0,0.0,0.0,1.0,874,0.0,0
1,8.0,1,1.0,0.0,0.0,0.0,953,934.0,0
1,6.0,0,0.0,0.0,0.0,1.0,667,0.0,0
0,7.0,0,1.0,0.0,0.0,0.0,465,0.0,0
0,1.0,0,0.0,0.0,0.0,0.0,393,0.0,0
0,7.0,1,0.0,0.0,0.0,2.0,764,756.0,0
0,7.0,1,1.0,0.0,0.0,0.0,672,659.0,0
0,3.0,0,1.0,0.0,0.0,0.0,463,0.0,0
1,6.0,1,0.0,0.0,0.0,1.0,543,533.0,0
0,6.0,0,0.0,0.0,0.0,0.0,844,0.0,0
0,4.0,0,1.0,0.0,0.0,1.0,902,0.0,0
1,8.0,1,1.0,0.0,0.0,1.0,1217,314.0,0
1,0.0,0,0.0,2.0,1.0,0.0,741,0.0,1
0,1.0,0,0.0,0.0,1.0,0.0,293,0.0,0
1,5.0,0,1.0,0.0,0.0,2.0,869,0.0,0
1,3.0,0,0.0,0.0,0.0,1.0,976,0.0,0
0,4.0,0,1.0,0.0,0.0,1.0,539,0.0,0
1,0.0,0,0.0,2.0,0.0,0.0,189,0.0,1
1,0.0,0,0.0,3.0,0.0,0.0,520,0.0,1
1,6.0,0,0.0,0.0,0.0,0.0,426,0.0,0
1,8.0,1,0.0,0.0,0.0,2.0,793,680.0,0
1,0.0,0,0.0,0.0,0.0,0.0,73,0.0,1
0,0.0,0,0.0,0.0,0.0,1.0,526,0.0,0
1,2.0,0,0.0,0.0,0.0,0.0,693,0.0,0
0,0.0,0,0.0,1.0,1.0,0.0,414,0.0,1
1,5.0,0,0.0,0.0,0.0,1.0,836,0.0,0
1,3.0,0,0.0,0.0,0.0,0.0,462,0.0,0
0,2.0,0,0.0,0.0,1.0,0.0,563,0.0,0
0,4.0,0,1.0,0.0,0.0,0.0,650,0.0,0
0,0.0,0,0.0,2.0,1.0,0.0,311,0.0,1
1,4.0,0,0.0,0.0,1.0,1.0,441,0.0,0
1,6.0,0,0.0,0.0,0.0,0.0,880,0.0,0
0,0.0,0,0.0,2.0,1.0,0.0,868,0.0,1
1,6.0,1,0.0,0.0,0.0,0.0,536,500.0,0
1,0.0,0,0.0,0.0,0.0,0.0,288,0.0,1
1,1.0,0,1.0,0.0,0.0,0.0,764,0.0,0
1,3.0,0,0.0,0.0,0.0,1.0,942,0.0,0
0,4.0,0,1.0,0.0,0.0,1.0,563,0.0,0
1,7.0,1,1.0,0.0,0.0,0.0,698,503.0,0
1,7.0,1,0.0,0.0,0.0,1.0,861,412.0,0
1,0.0,0,0.0,3.0,0.0,0.0,790,0.0,1
0,0.0,0,0.0,2.0,0.0,0.0,852,0.0,1
1,0.0,0,0.0,2.0,0.0,0.0,606,0.0,1
1,2.0,0,0.0,0.0,0.0,0.0,41,0.0,0
1,5.0,1,1.0,0.0,0.0,1.0,668,286.0,0
1,5.0,1,1.0,0.0,0.0,2.0,630,630.0,0
1,5.0,1,0.0,0.0,0.0,1.0,473,231.0,0
0,5.0,1,1.0,0.0,0.0,0.0,244,63.0,0
1,5.0,1,1.0,0.0,0.0,0.0,399,302.0,0
1,5.0,1,0.0,0.0,0.0,0.0,252,165.0,0
1,0.0,0,0.0,1.0,0.0,0.0,265,0.0,1
1,3.0,0,1.0,0.0,0.0,4.0,401,0.0,0
1,3.0,0,1.0,0.0,0.0,0.0,594,165.0,0
1,0.0,0,0.0,2.0,0.0,0.0,307,0.0,1
1,2.0,0,0.0,0.0,0.0,3.0,407,0.0,0
1,2.0,0,0.0,0.0,0.0,1.0,256,0.0,0
0,2.0,0,0.0,0.0,0.0,1.0,196,0.0,0
0,5.0,1,1.0,0.0,0.0,0.0,395,330.0,0
0,5.0,1,1.0,0.0,0.0,1.0,562,423.0,0
1,5.0,1,0.0,0.0,0.0,1.0,339,106.0,0
0,0.0,0,0.0,4.0,0.0,0.0,383,0.0,1
1,4.0,0,1.0,0.0,0.0,0.0,118,0.0,0
0,5.0,0,0.0,0.0,0.0,1.0,309,0.0,0
0,6.0,1,1.0,0.0,0.0,2.0,510,377.0,0
0,0.0,0,0.0,1.0,1.0,0.0,414,0.0,1
1,6.0,1,1.0,0.0,0.0,0.0,345,180.0,0
0,6.0,1,1.0,0.0,0.0,3.0,386,363.0,0
1,4.0,0,1.0,0.0,0.0,2.0,382,299.0,0
1,2.0,0,0.0,0.0,0.0,0.0,271,0.0,0
1,0.0,0,0.0,2.0,0.0,0.0,267,0.0,1
0,0.0,0,0.0,1.0,1.0,0.0,131,0.0,1
0,3.0,0,1.0,0.0,0.0,0.0,54,0.0,0
0,1.0,0,0.0,0.0,1.0,1.0,292,0.0,0
0,1.0,0,0.0,0.0,0.0,4.0,176,0.0,0
0,3.0,0,0.0,0.0,1.0,1.0,645,0.0,0
0,1.0,0,1.0,0.0,0.0,1.0,215,0.0,0
0,2.0,0,1.0,0.0,0.0,0.0,51,0.0,0
0,1.0,0,1.0,0.0,0.0,0.0,139,0.0,0
0,3.0,0,1.0,0.0,0.0,1.0,283,0.0,0
1,0.0,0,0.0,1.0,0.0,0.0,337,0.0,1
0,5.0,1,1.0,0.0,0.0,2.0,381,114.0,0
1,5.0,1,1.0,0.0,0.0,0.0,562,362.0,0
0,2.0,0,0.0,0.0,1.0,1.0,186,0.0,0
1,0.0,0,0.0,0.0,0.0,0.0,95,0.0,1
1,2.0,0,0.0,0.0,0.0,2.0,238,0.0,0
0,5.0,1,0.0,0.0,1.0,1.0,614,265.0,0
1,4.0,0,0.0,0.0,0.0,0.0,226,0.0,0
1,0.0,0,0.0,2.0,0.0,0.0,177,0.0,1
0,0.0,0,0.0,2.0,1.0,0.0,338,0.0,1
1,5.0,1,0.0,0.0,0.0,0.0,431,223.0,0
1,0.0,0,0.0,2.0,0.0,0.0,173,0.0,1
1,5.0,1,0.0,0.0,1.0,3.0,404,134.0,0
0,5.0,1,1.0,0.0,0.0,0.0,451,426.0,0
1,3.0,0,1.0,0.0,0.0,0.0,484,0.0,0
1,0.0,0,0.0,3.0,0.0,0.0,300,0.0,1
1,3.0,0,0.0,0.0,0.0,1.0,213,0.0,0
1,5.0,1,1.0,0.0,0.0,0.0,389,299.0,0
1,1.0,0,1.0,0.0,0.0,0.0,57,0.0,0
0,2.0,0,1.0,0.0,0.0,0.0,104,0.0,0
0,1.0,0,0.0,0.0,0.0,0.0,22,0.0,0
1,0.0,0,0.0,1.0,0.0,0.0,132,0.0,1
0,5.0,1,1.0,0.0,0.0,2.0,451,211.0,0
0,2.0,0,1.0,0.0,0.0,1.0,148,0.0,0
1,5.0,1,0.0,0.0,0.0,1.0,288,195.0,0
0,5.0,1,1.0,0.0,0.0,0.0,197,171.0,0
1,5.0,1,0.0,0.0,0.0,0.0,370,155.0,0
1,5.0,0,1.0,0.0,0.0,1.0,392,0.0,0
0,2.0,0,1.0,0.0,0.0,1.0,226,0.0,0
1,3.0,0,1.0,0.0,0.0,0.0,266,0.0,0
0,2.0,0,0.0,0.0,0.0,0.0,240,0.0,0
1,2.0,0,0.0,0.0,0.0,0.0,235,0.0,0
0,5.0,1,1.0,0.0,0.0,0.0,192,187.0,0
1,0.0,0,0.0,1.0,0.0,0.0,119,0.0,1
0,3.0,0,1.0,0.0,0.0,0.0,114,0.0,0
1,0.0,0,0.0,1.0,0.0,0.0,136,0.0,1
1,1.0,0,0.0,0.0,0.0,1.0,248,0.0,0
0,0.0,0,0.0,2.0,1.0,0.0,503,0.0,1
0,2.0,0,0.0,0.0,0.0,2.0,156,0.0,0
0,3.0,0,1.0,0.0,0.0,1.0,257,0.0,0
0,0.0,0,0.0,1.0,1.0,0.0,107,0.0,1
1,5.0,1,1.0,0.0,0.0,0.0,439,201.0,0
1,4.0,0,0.0,0.0,0.0,3.0,411,296.0,0
0,1.0,0,0.0,0.0,0.0,0.0,98,0.0,0
1,4.0,0,0.0,0.0,0.0,3.0,355,306.0,0
1,4.0,0,0.0,0.0,0.0,5.0,685,348.0,0
1,0.0,0,0.0,2.0,0.0,0.0,202,0.0,1
1,4.0,0,1.0,0.0,0.0,0.0,453,208.0,0
0,4.0,0,0.0,0.0,0.0,0.0,168,54.0,0
0,3.0,0,0.0,0.0,0.0,0.0,186,0.0,0
1,1.0,0,0.0,0.0,0.0,1.0,329,0.0,0
0,2.0,0,0.0,0.0,0.0,0.0,76,0.0,0
0,5.0,0,1.0,0.0,0.0,0.0,234,0.0,0
1,7.0,1,0.0,0.0,0.0,2.0,511,265.0,0
1,6.0,1,0.0,0.0,0.0,0.0,462,258.0,0
1,0.0,0,0.0,2.0,0.0,0.0,196,0.0,1
1,5.0,1,0.0,0.0,0.0,4.0,617,315.0,0
1,4.0,0,0.0,0.0,0.0,1.0,500,207.0,0
0,4.0,0,1.0,0.0,0.0,1.0,482,0.0,0
1,0.0,0,0.0,2.0,0.0,0.0,127,0.0,1
0,5.0,1,0.0,0.0,1.0,2.0,666,493.0,0
1,3.0,0,0.0,0.0,0.0,2.0,251,0.0,0
1,5.0,1,1.0,0.0,0.0,1.0,633,543.0,0
1,5.0,1,1.0,0.0,0.0,0.0,336,290.0,0
0,2.0,0,1.0,0.0,0.0,0.0,219,0.0,0
1,0.0,0,0.0,1.0,0.0,0.0,507,0.0,1
0,3.0,0,0.0,0.0,0.0,0.0,575,0.0,0
1,6.0,0,0.0,0.0,0.0,0.0,515,0.0,0
0,10.0,1,1.0,0.0,0.0,0.0,1191,778.0,0
1,10.0,1,1.0,0.0,0.0,1.0,1234,1034.0,0
1,5.0,0,1.0,0.0,0.0,1.0,509,0.0,0
1,0.0,0,0.0,1.0,0.0,0.0,219,0.0,1
0,7.0,0,0.0,0.0,0.0,0.0,494,0.0,0
0,7.0,0,0.0,0.0,0.0,0.0,494,0.0,0
1,3.0,0,0.0,0.0,0.0,1.0,881,0.0,0
1,3.0,0,0.0,0.0,0.0,1.0,881,0.0,0
1,8.0,1,1.0,0.0,0.0,1.0,824,625.0,0
1,8.0,1,1.0,0.0,0.0,1.0,823,625.0,0
0,7.0,0,1.0,0.0,0.0,1.0,615,0.0,0
0,7.0,0,1.0,0.0,0.0,1.0,615,0.0,0
1,8.0,1,1.0,0.0,0.0,0.0,1013,590.0,0
1,8.0,1,1.0,0.0,0.0,0.0,1013,590.0,0
0,6.0,0,0.0,0.0,0.0,0.0,459,0.0,0
0,6.0,0,0.0,0.0,0.0,0.0,458,0.0,0
1,0.0,0,0.0,2.0,0.0,0.0,802,0.0,1
1,0.0,0,0.0,2.0,0.0,0.0,802,0.0,1
0,0.0,0,0.0,1.0,1.0,0.0,375,0.0,1
0,0.0,0,0.0,1.0,1.0,0.0,376,0.0,1
0,6.0,0,1.0,0.0,0.0,0.0,712,0.0,0
0,6.0,0,1.0,0.0,0.0,0.0,712,0.0,0
1,5.0,0,1.0,0.0,0.0,0.0,309,0.0,0
1,5.0,0,1.0,0.0,0.0,0.0,310,0.0,0
1,0.0,0,0.0,1.0,0.0,0.0,728,0.0,1
1,0.0,0,0.0,1.0,0.0,0.0,728,0.0,1
1,8.0,1,0.0,0.0,0.0,0.0,790,726.0,0
1,8.0,1,0.0,0.0,0.0,0.0,790,727.0,0
0,8.0,1,1.0,0.0,0.0,0.0,884,456.0,0
0,8.0,1,1.0,0.0,0.0,0.0,884,456.0,0
0,6.0,0,0.0,0.0,1.0,1.0,495,0.0,0
0,6.0,0,0.0,0.0,1.0,1.0,495,0.0,0
0,5.0,0,1.0,0.0,0.0,1.0,384,0.0,0
0,5.0,0,1.0,0.0,0.0,1.0,384,0.0,0
0,1.0,0,1.0,0.0,0.0,0.0,155,0.0,0
0,1.0,0,1.0,0.0,0.0,0.0,155,0.0,0
0,4.0,0,0.0,0.0,0.0,0.0,375,0.0,0
0,4.0,0,0.0,0.0,0.0,0.0,375,0.0,0
1,3.0,0,1.0,0.0,0.0,0.0,483,0.0,0
1,3.0,0,1.0,0.0,0.0,0.0,483,0.0,0
1,1.0,0,1.0,0.0,0.0,0.0,601,0.0,0
1,1.0,0,1.0,0.0,0.0,0.0,601,0.0,0
0,0.0,0,0.0,2.0,1.0,0.0,632,0.0,1
0,0.0,0,0.0,2.0,1.0,0.0,632,0.0,1
1,1.0,0,0.0,0.0,0.0,0.0,173,0.0,0
1,1.0,0,0.0,0.0,0.0,0.0,173,0.0,0
0,6.0,0,0.0,0.0,0.0,1.0,500,0.0,0
0,6.0,0,0.0,0.0,0.0,1.0,500,0.0,0
1,3.0,0,0.0,0.0,0.0,0.0,343,0.0,0
1,3.0,0,0.0,0.0,0.0,0.0,343,0.0,0
0,5.0,0,0.0,0.0,0.0,0.0,442,0.0,0
1,0.0,0,0.0,2.0,0.0,0.0,315,0.0,1
0,6.0,1,1.0,0.0,0.0,1.0,782,587.0,0
1,6.0,1,0.0,0.0,0.0,0.0,988,722.0,0
1,6.0,1,1.0,0.0,0.0,0.0,1047,701.0,0
1,6.0,1,1.0,0.0,0.0,0.0,815,266.0,0
0,5.0,0,1.0,0.0,0.0,0.0,708,0.0,0
0,4.0,0,0.0,0.0,0.0,0.0,613,0.0,0
1,5.0,0,0.0,0.0,0.0,1.0,330,0.0,0
1,6.0,1,1.0,0.0,0.0,1.0,717,503.0,0
0,7.0,1,1.0,0.0,0.0,0.0,386,301.0,0
0,7.0,1,1.0,0.0,0.0,0.0,570,340.0,0
1,7.0,1,1.0,0.0,0.0,0.0,476,357.0,0
1,1.0,0,0.0,0.0,0.0,0.0,306,0.0,0
1,7.0,1,1.0,0.0,0.0,0.0,546,321.0,0
1,0.0,0,0.0,0.0,0.0,0.0,844,0.0,1
0,0.0,0,0.0,3.0,0.0,0.0,356,0.0,1
0,0.0,0,0.0,2.0,0.0,0.0,1050,0.0,1
1,7.0,1,0.0,0.0,0.0,2.0,408,241.0,0
1,6.0,0,0.0,0.0,0.0,0.0,423,0.0,0
0,5.0,0,0.0,0.0,0.0,0.0,284,0.0,0
1,2.0,0,0.0,0.0,0.0,0.0,259,255.0,0
1,7.0,1,0.0,0.0,0.0,3.0,600,329.0,0
1,7.0,1,0.0,0.0,0.0,0.0,1274,1002.0,0
0,6.0,0,0.0,0.0,0.0,0.0,954,0.0,0
0,8.0,1,0.0,0.0,0.0,2.0,948,853.0,0
1,8.0,1,1.0,0.0,0.0,0.0,981,612.0,0
1,5.0,0,0.0,0.0,0.0,1.0,388,0.0,0
1,8.0,1,0.0,0.0,0.0,1.0,1082,593.0,0
1,0.0,0,0.0,2.0,0.0,0.0,614,0.0,1
1,5.0,0,0.0,0.0,0.0,2.0,646,0.0,0
0,0.0,0,0.0,1.0,0.0,0.0,956,0.0,1
0,7.0,1,1.0,0.0,0.0,2.0,640,621.0,0
0,7.0,1,1.0,0.0,0.0,0.0,808,580.0,0
1,7.0,1,0.0,0.0,0.0,0.0,746,742.0,0
1,5.0,0,1.0,0.0,0.0,0.0,883,0.0,0
1,4.0,0,0.0,0.0,0.0,1.0,919,0.0,0
1,2.0,0,1.0,0.0,0.0,1.0,346,0.0,0
0,6.0,1,1.0,0.0,0.0,0.0,606,373.0,0
1,4.0,0,1.0,0.0,0.0,0.0,494,0.0,0
0,5.0,0,0.0,0.0,1.0,2.0,660,0.0,0
0,0.0,0,0.0,2.0,0.0,0.0,850,0.0,1
1,7.0,1,0.0,0.0,0.0,1.0,851,850.0,0
1,7.0,1,0.0,0.0,0.0,1.0,1185,916.0,0
1,7.0,1,0.0,0.0,0.0,0.0,618,373.0,0
1,7.0,1,0.0,0.0,0.0,1.0,1177,962.0,0
1,0.0,0,0.0,2.0,0.0,0.0,201,0.0,1
1,1.0,0,0.0,0.0,0.0,0.0,226,0.0,0
1,1.0,0,0.0,0.0,0.0,0.0,107,0.0,0
0,6.0,0,1.0,0.0,0.0,1.0,430,0.0,0
1,7.0,0,0.0,0.0,0.0,0.0,1157,0.0,0
1,8.0,1,0.0,0.0,0.0,1.0,681,680.0,0
0,4.0,0,0.0,0.0,0.0,1.0,148,0.0,0
0,0.0,0,0.0,3.0,0.0,0.0,808,0.0,1
0,8.0,1,1.0,0.0,0.0,0.0,988,652.0,0
0,8.0,1,1.0,0.0,0.0,1.0,749,688.0,0
0,3.0,0,0.0,0.0,1.0,0.0,727,0.0,0
1,4.0,0,0.0,0.0,1.0,0.0,1051,0.0,0
1,4.0,0,0.0,0.0,0.0,1.0,580,0.0,0
0,3.0,0,1.0,0.0,0.0,3.0,813,0.0,0
1,0.0,0,0.0,2.0,0.0,0.0,874,0.0,1
1,6.0,0,1.0,0.0,0.0,0.0,1080,0.0,0
1,8.0,1,1.0,0.0,0.0,0.0,713,706.0,0
1,8.0,1,1.0,0.0,0.0,0.0,944,941.0,0
0,0.0,0,0.0,1.0,1.0,0.0,367,0.0,1
1,4.0,0,0.0,0.0,0.0,0.0,724,0.0,0
0,0.0,0,0.0,3.0,1.0,0.0,791,0.0,1
1,0.0,0,0.0,3.0,0.0,0.0,822,0.0,1
0,3.0,0,1.0,0.0,0.0,0.0,626,0.0,0
0,5.0,0,1.0,0.0,0.0,1.0,1061,0.0,0
0,5.0,0,1.0,0.0,0.0,1.0,558,0.0,0
1,1.0,0,0.0,0.0,0.0,0.0,275,0.0,0
1,1.0,0,0.0,0.0,0.0,1.0,440,0.0,0
0,6.0,1,0.0,0.0,0.0,0.0,1012,573.0,0
1,0.0,0,0.0,3.0,0.0,0.0,586,0.0,1
1,6.0,1,0.0,0.0,0.0,0.0,686,333.0,0
1,6.0,1,0.0,0.0,0.0,0.0,519,519.0,0
0,0.0,0,0.0,2.0,0.0,0.0,611,0.0,1
1,4.0,0,0.0,0.0,0.0,1.0,861,0.0,0
0,6.0,0,0.0,0.0,0.0,1.0,645,0.0,0
0,0.0,0,0.0,1.0,0.0,0.0,1011,0.0,1
0,8.0,1,1.0,0.0,0.0,5.0,938,937.0,0
0,8.0,1,1.0,0.0,0.0,1.0,682,681.0,0
1,0.0,0,0.0,3.0,0.0,0.0,360,0.0,1
0,0.0,0,0.0,3.0,1.0,0.0,842,0.0,1
1,6.0,0,0.0,0.0,0.0,2.0,1208,0.0,0
0,4.0,0,1.0,0.0,0.0,2.0,632,0.0,0
0,0.0,0,0.0,1.0,1.0,0.0,408,0.0,1
0,0.0,0,0.0,1.0,1.0,0.0,375,0.0,1
1,0.0,0,0.0,1.0,0.0,0.0,19,0.0,1
0,3.0,0,0.0,0.0,0.0,2.0,208,0.0,0
0,1.0,0,0.0,0.0,0.0,1.0,201,0.0,0
1,4.0,0,1.0,0.0,0.0,0.0,413,0.0,0
1,8.0,1,0.0,0.0,0.0,1.0,1072,1071.0,0
0,0.0,0,0.0,1.0,0.0,0.0,184,0.0,1
1,8.0,1,0.0,0.0,0.0,1.0,455,349.0,0
1,6.0,0,1.0,0.0,0.0,1.0,612,0.0,0
1,7.0,0,0.0,0.0,0.0,1.0,1019,0.0,0
1,9.0,1,1.0,0.0,0.0,1.0,924,701.0,0
1,2.0,0,0.0,0.0,0.0,1.0,974,0.0,0
1,0.0,0,0.0,3.0,0.0,0.0,617,0.0,1
0,9.0,1,1.0,0.0,0.0,0.0,708,674.0,0
1,9.0,1,1.0,0.0,0.0,0.0,887,697.0,0
0,5.0,0,1.0,0.0,0.0,0.0,792,0.0,0
1,6.0,0,0.0,0.0,0.0,1.0,803,0.0,0
1,4.0,0,1.0,0.0,0.0,0.0,597,0.0,0
1,4.0,0,1.0,0.0,0.0,1.0,783,0.0,0
0,3.0,0,1.0,0.0,0.0,0.0,614,0.0,0
0,0.0,0,0.0,1.0,1.0,0.0,447,0.0,1
0,7.0,1,0.0,0.0,0.0,0.0,541,305.0,0
1,1.0,0,0.0,0.0,0.0,1.0,628,0.0,0
0,0.0,0,0.0,2.0,1.0,0.0,421,0.0,1
0,0.0,0,1.0,0.0,0.0,0.0,246,0.0,0
0,8.0,1,1.0,0.0,0.0,1.0,822,822.0,0
0,8.0,1,0.0,0.0,0.0,1.0,710,709.0,0
0,8.0,1,0.0,0.0,0.0,0.0,473,473.0,0
0,8.0,1,1.0,0.0,0.0,0.0,960,418.0,0
0,0.0,0,0.0,1.0,1.0,0.0,822,0.0,1
0,8.0,1,1.0,0.0,0.0,0.0,1031,742.0,0
0,8.0,1,0.0,0.0,0.0,1.0,952,706.0,0
0,6.0,0,0.0,0.0,0.0,0.0,615,0.0,0
0,4.0,0,0.0,0.0,0.0,0.0,519,0.0,0
0,6.0,0,0.0,0.0,0.0,1.0,665,0.0,0
0,1.0,0,0.0,0.0,0.0,1.0,564,0.0,0
0,8.0,1,0.0,0.0,0.0,1.0,645,645.0,0
0,8.0,1,1.0,0.0,0.0,0.0,1136,806.0,0
0,3.0,0,0.0,0.0,0.0,1.0,457,0.0,0
1,7.0,1,0.0,0.0,0.0,1.0,499,474.0,0
0,0.0,0,0.0,1.0,1.0,0.0,302,0.0,1
1,7.0,1,1.0,0.0,0.0,0.0,346,284.0,0
0,5.0,0,0.0,0.0,0.0,2.0,841,0.0,0
1,6.0,0,1.0,0.0,0.0,0.0,396,0.0,0
0,0.0,0,0.0,2.0,1.0,0.0,476,0.0,1
1,0.0,0,0.0,4.0,0.0,0.0,618,0.0,1
1,6.0,0,0.0,0.0,0.0,0.0,896,0.0,0
1,1.0,0,0.0,0.0,0.0,0.0,214,0.0,0
0,0.0,0,0.0,0.0,1.0,0.0,572,0.0,1
1,4.0,0,0.0,0.0,0.0,0.0,102,101.0,0
1,4.0,0,0.0,0.0,0.0,0.0,114,90.0,0
1,4.0,0,0.0,0.0,0.0,0.0,97,76.0,0
0,4.0,0,1.0,0.0,0.0,0.0,161,69.0,0
1,4.0,0,0.0,0.0,0.0,1.0,134,88.0,0
1,4.0,0,1.0,0.0,0.0,0.0,115,76.0,0
1,4.0,0,1.0,0.0,0.0,0.0,127,79.0,0
0,4.0,0,1.0,0.0,0.0,0.0,151,72.0,0
0,4.0,0,1.0,0.0,0.0,0.0,153,104.0,0
1,4.0,0,0.0,0.0,0.0,0.0,101,41.0,0
1,4.0,0,0.0,0.0,0.0,0.0,134,64.0,0
0,0.0,0,1.0,0.0,0.0,0.0,176,0.0,0
0,1.0,0,1.0,0.0,0.0,0.0,229,0.0,0
0,5.0,1,0.0,0.0,1.0,0.0,326,247.0,0
1,3.0,0,0.0,0.0,0.0,2.0,343,0.0,0
1,3.0,0,1.0,0.0,0.0,0.0,434,0.0,0
0,3.0,0,1.0,0.0,0.0,1.0,328,0.0,0
0,0.0,0,0.0,2.0,1.0,0.0,345,0.0,1
1,5.0,1,1.0,0.0,0.0,0.0,608,301.0,0
1,5.0,1,1.0,0.0,0.0,2.0,624,583.0,0
0,0.0,0,0.0,0.0,1.0,0.0,254,0.0,0
0,2.0,0,1.0,0.0,0.0,0.0,70,0.0,0
1,2.0,0,0.0,0.0,0.0,0.0,347,0.0,0
1,2.0,0,0.0,0.0,0.0,0.0,201,0.0,0
0,6.0,0,0.0,0.0,0.0,0.0,638,0.0,0
0,7.0,0,0.0,0.0,0.0,1.0,1154,0.0,0
0,5.0,0,1.0,0.0,0.0,0.0,884,0.0,0
1,7.0,1,1.0,0.0,0.0,1.0,694,408.0,0
0,3.0,0,1.0,0.0,0.0,0.0,609,0.0,0
0,1.0,0,0.0,0.0,1.0,0.0,277,0.0,0
0,4.0,0,0.0,0.0,0.0,0.0,374,0.0,0
1,1.0,0,0.0,0.0,0.0,0.0,86,0.0,0
1,2.0,0,0.0,0.0,0.0,1.0,121,0.0,0
1,2.0,0,0.0,0.0,0.0,0.0,465,0.0,0
0,0.0,0,0.0,3.0,1.0,0.0,529,0.0,1
1,2.0,0,0.0,0.0,0.0,0.0,161,0.0,0
0,0.0,0,0.0,3.0,1.0,0.0,556,0.0,1
1,0.0,0,0.0,0.0,0.0,2.0,239,0.0,0
0,4.0,0,1.0,0.0,0.0,0.0,416,0.0,0
0,0.0,0,0.0,3.0,0.0,0.0,405,0.0,1
1,0.0,0,0.0,3.0,0.0,0.0,580,0.0,1
1,0.0,0,0.0,4.0,0.0,0.0,562,0.0,1
1,7.0,1,0.0,0.0,0.0,0.0,637,636.0,0
1,7.0,1,1.0,0.0,0.0,1.0,856,585.0,0
0,0.0,0,0.0,1.0,0.0,0.0,436,0.0,1
0,0.0,0,0.0,2.0,0.0,0.0,544,0.0,1
1,0.0,0,0.0,0.0,0.0,0.0,66,0.0,0
0,0.0,0,0.0,3.0,1.0,0.0,405,0.0,1
1,2.0,0,0.0,0.0,0.0,0.0,97,0.0,0
0,7.0,1,1.0,0.0,0.0,0.0,622,451.0,0
0,0.0,0,0.0,2.0,0.0,0.0,505,0.0,1
1,4.0,0,0.0,0.0,0.0,1.0,418,0.0,0
0,4.0,0,1.0,0.0,0.0,0.0,501,0.0,0
0,3.0,0,0.0,0.0,0.0,1.0,469,0.0,0
1,0.0,0,0.0,2.0,0.0,0.0,452,0.0,1
1,0.0,0,0.0,4.0,0.0,0.0,744,0.0,1
1,7.0,1,0.0,0.0,0.0,0.0,1244,597.0,0
0,0.0,0,0.0,2.0,0.0,0.0,1112,0.0,1
0,7.0,1,1.0,0.0,0.0,0.0,840,839.0,0
1,7.0,1,1.0,0.0,0.0,1.0,981,652.0,0
1,4.0,0,0.0,0.0,0.0,2.0,779,0.0,0
1,1.0,0,0.0,0.0,0.0,0.0,84,0.0,0
0,6.0,1,1.0,0.0,0.0,0.0,730,313.0,0
0,0.0,0,0.0,4.0,1.0,0.0,526,0.0,1
0,0.0,0,0.0,3.0,1.0,0.0,611,0.0,1
0,1.0,0,0.0,0.0,0.0,0.0,207,0.0,0
0,5.0,1,0.0,0.0,0.0,1.0,377,304.0,0
0,4.0,0,0.0,0.0,0.0,1.0,602,0.0,0
0,4.0,0,1.0,0.0,0.0,1.0,477,0.0,0
0,4.0,0,1.0,0.0,0.0,0.0,283,0.0,0
0,2.0,0,1.0,0.0,0.0,0.0,238,0.0,0
0,5.0,0,0.0,0.0,0.0,1.0,538,0.0,0
0,7.0,1,1.0,0.0,0.0,0.0,760,536.0,0
1,7.0,1,0.0,0.0,0.0,3.0,744,612.0,0
1,4.0,0,0.0,0.0,0.0,0.0,249,116.0,0
1,7.0,1,1.0,0.0,0.0,0.0,846,623.0,0
0,8.0,1,0.0,0.0,0.0,0.0,611,596.0,0
0,5.0,0,1.0,0.0,0.0,0.0,437,0.0,0
1,0.0,0,0.0,2.0,0.0,0.0,455,0.0,1
0,5.0,0,0.0,0.0,0.0,0.0,617,0.0,0
0,8.0,1,0.0,0.0,0.0,0.0,810,464.0,0
0,5.0,0,0.0,0.0,0.0,0.0,634,0.0,0
0,4.0,0,0.0,0.0,0.0,1.0,469,0.0,0
1,8.0,1,0.0,0.0,0.0,2.0,681,502.0,0
1,8.0,1,1.0,0.0,0.0,1.0,993,498.0,0
1,4.0,0,0.0,0.0,0.0,1.0,644,0.0,0
0,7.0,1,1.0,0.0,0.0,0.0,791,540.0,0
1,0.0,0,0.0,4.0,0.0,0.0,1020,0.0,1
1,3.0,0,0.0,0.0,0.0,0.0,426,0.0,0
0,0.0,0,0.0,3.0,1.0,0.0,400,0.0,1
1,4.0,0,1.0,0.0,0.0,0.0,673,233.0,0
1,1.0,0,1.0,0.0,0.0,0.0,123,0.0,0
0,3.0,0,0.0,0.0,0.0,4.0,703,0.0,0
1,6.0,0,1.0,0.0,0.0,0.0,780,0.0,0
1,2.0,0,0.0,0.0,0.0,0.0,57,0.0,0
0,4.0,0,0.0,0.0,1.0,0.0,767,0.0,0
0,8.0,1,1.0,0.0,0.0,0.0,1079,724.0,0
0,3.0,0,0.0,0.0,1.0,2.0,563,0.0,0
0,4.0,0,0.0,0.0,0.0,1.0,131,0.0,0
1,0.0,0,0.0,5.0,0.0,0.0,142,0.0,1
1,7.0,1,1.0,0.0,0.0,0.0,1046,588.0,0
1,6.0,0,0.0,0.0,0.0,2.0,564,0.0,0
0,7.0,1,0.0,0.0,0.0,0.0,935,694.0,0
0,0.0,0,0.0,2.0,0.0,0.0,1382,0.0,1
1,7.0,1,0.0,0.0,0.0,1.0,786,373.0,0
1,2.0,0,1.0,0.0,0.0,0.0,1204,0.0,0
1,0.0,0,0.0,2.0,0.0,0.0,1045,0.0,1
0,3.0,0,0.0,0.0,0.0,0.0,307,0.0,0
1,7.0,1,0.0,0.0,0.0,2.0,1327,948.0,0
1,8.0,1,0.0,0.0,0.0,2.0,774,614.0,0
1,6.0,0,1.0,0.0,0.0,0.0,588,0.0,0
1,8.0,1,0.0,0.0,0.0,1.0,552,533.0,0
0,4.0,0,1.0,0.0,0.0,0.0,373,0.0,0
0,2.0,0,1.0,0.0,0.0,1.0,476,0.0,0
0,3.0,0,1.0,0.0,0.0,0.0,367,0.0,0
1,4.0,0,0.0,0.0,0.0,1.0,566,0.0,0
1,4.0,0,0.0,0.0,0.0,1.0,228,0.0,0
0,6.0,0,1.0,0.0,0.0,0.0,550,0.0,0
1,8.0,1,1.0,0.0,0.0,0.0,923,390.0,0
0,1.0,0,1.0,0.0,0.0,0.0,1084,0.0,0
1,1.0,0,1.0,0.0,0.0,0.0,1105,0.0,0
1,7.0,0,1.0,0.0,0.0,0.0,710,0.0,0
1,0.0,0,0.0,2.0,0.0,0.0,1023,0.0,1
0,0.0,0,0.0,0.0,0.0,0.0,231,0.0,0
0,0.0,0,1.0,0.0,0.0,0.0,337,0.0,0
0,0.0,0,1.0,0.0,0.0,0.0,429,0.0,0
0,3.0,0,1.0,0.0,0.0,0.0,982,0.0,0
0,3.0,0,1.0,0.0,0.0,0.0,519,0.0,0
1,8.0,1,1.0,0.0,0.0,1.0,972,610.0,0
0,8.0,1,0.0,0.0,0.0,0.0,783,746.0,0
0,8.0,1,1.0,0.0,0.0,0.0,1307,387.0,0
1,0.0,0,0.0,1.0,0.0,0.0,1463,0.0,1
0,3.0,0,0.0,0.0,0.0,1.0,519,0.0,0
1,7.0,0,0.0,0.0,0.0,1.0,597,0.0,0
0,8.0,1,1.0,0.0,0.0,0.0,836,506.0,0
1,6.0,1,0.0,0.0,0.0,1.0,749,318.0,0
0,2.0,0,1.0,0.0,0.0,0.0,472,0.0,0
1,0.0,0,0.0,0.0,0.0,0.0,324,0.0,0
1,0.0,0,0.0,0.0,0.0,0.0,142,0.0,0
0,0.0,0,0.0,0.0,0.0,1.0,348,0.0,0
1,1.0,0,0.0,0.0,0.0,0.0,357,0.0,0
1,3.0,0,1.0,0.0,0.0,0.0,1174,0.0,0
0,7.0,1,1.0,0.0,0.0,0.0,795,350.0,0
1,5.0,0,0.0,0.0,0.0,0.0,796,0.0,0
1,3.0,0,1.0,0.0,0.0,0.0,660,0.0,0
1,7.0,1,0.0,0.0,0.0,1.0,1081,692.0,0
1,0.0,0,0.0,4.0,1.0,0.0,865,0.0,1
0,0.0,0,0.0,2.0,0.0,0.0,1013,0.0,1
1,7.0,1,1.0,0.0,0.0,0.0,1165,898.0,0
1,4.0,0,0.0,0.0,0.0,0.0,522,0.0,0
1,0.0,0,0.0,4.0,0.0,0.0,66,0.0,1
1,3.0,0,0.0,0.0,0.0,0.0,507,0.0,0
1,7.0,1,1.0,0.0,0.0,0.0,774,750.0,0
0,0.0,0,0.0,2.0,0.0,0.0,742,0.0,1
0,2.0,0,0.0,0.0,0.0,0.0,294,0.0,0
0,0.0,0,0.0,1.0,0.0,0.0,307,0.0,1
1,7.0,1,0.0,0.0,0.0,0.0,549,318.0,0
0,7.0,1,1.0,0.0,0.0,0.0,847,267.0,0
0,7.0,1,1.0,0.0,0.0,0.0,852,569.0,0
1,0.0,0,0.0,4.0,0.0,0.0,558,0.0,1
0,7.0,1,1.0,0.0,0.0,0.0,858,626.0,0
0,3.0,0,1.0,0.0,0.0,0.0,500,0.0,0
0,7.0,0,1.0,0.0,0.0,0.0,349,0.0,0
1,8.0,1,0.0,0.0,0.0,0.0,1016,382.0,0
0,2.0,0,1.0,0.0,0.0,0.0,551,0.0,0
0,8.0,1,1.0,0.0,0.0,0.0,907,373.0,0
0,8.0,1,0.0,0.0,0.0,0.0,1057,1020.0,0
1,8.0,1,0.0,0.0,0.0,0.0,1101,1012.0,0
1,8.0,1,0.0,0.0,0.0,1.0,696,126.0,0
0,6.0,0,1.0,0.0,0.0,0.0,1006,0.0,0
0,1.0,0,1.0,0.0,0.0,0.0,499,0.0,0
1,0.0,0,0.0,1.0,0.0,0.0,597,0.0,1
0,8.0,1,1.0,0.0,0.0,0.0,829,585.0,0
1,2.0,0,0.0,0.0,0.0,0.0,458,0.0,0
1,5.0,0,1.0,0.0,0.0,0.0,613,0.0,0
0,8.0,1,1.0,0.0,0.0,0.0,869,204.0,0
1,2.0,0,0.0,0.0,0.0,0.0,73,0.0,0
1,1.0,0,0.0,0.0,0.0,0.0,91,0.0,0
0,8.0,1,1.0,0.0,0.0,0.0,693,653.0,0
0,4.0,0,0.0,0.0,0.0,0.0,430,0.0,0
0,8.0,1,1.0,0.0,0.0,1.0,1219,1016.0,0
0,3.0,0,1.0,0.0,0.0,0.0,620,0.0,0
0,8.0,1,1.0,0.0,0.0,0.0,783,748.0,0
1,6.0,0,1.0,0.0,0.0,0.0,841,0.0,0
0,8.0,1,1.0,0.0,0.0,0.0,978,540.0,0
1,6.0,0,0.0,0.0,0.0,0.0,778,0.0,0
1,4.0,0,0.0,0.0,0.0,0.0,899,0.0,0
1,8.0,1,0.0,0.0,0.0,0.0,687,493.0,0
0,8.0,1,1.0,0.0,0.0,0.0,1315,524.0,0
0,8.0,1,0.0,0.0,0.0,0.0,762,444.0,0
0,7.0,0,1.0,0.0,0.0,0.0,427,0.0,0
1,8.0,1,1.0,0.0,0.0,0.0,804,551.0,0
0,8.0,1,0.0,0.0,0.0,1.0,466,466.0,0
0,8.0,1,1.0,0.0,0.0,0.0,659,604.0,0
1,7.0,0,1.0,0.0,0.0,0.0,790,0.0,0
1,0.0,0,0.0,2.0,0.0,0.0,992,0.0,1
1,1.0,0,1.0,0.0,0.0,0.0,313,0.0,0
0,8.0,1,1.0,0.0,0.0,0.0,790,540.0,0
1,8.0,1,0.0,0.0,0.0,0.0,1145,550.0,0
0,0.0,0,0.0,1.0,0.0,0.0,1236,0.0,1
1,5.0,0,0.0,0.0,0.0,0.0,971,0.0,0
0,7.0,1,1.0,0.0,0.0,0.0,882,673.0,0
1,3.0,0,1.0,0.0,0.0,0.0,632,0.0,0
1,7.0,1,1.0,0.0,0.0,0.0,766,655.0,0
0,3.0,0,1.0,0.0,0.0,0.0,328,0.0,0
1,7.0,1,0.0,0.0,0.0,0.0,853,606.0,0
1,0.0,0,0.0,4.0,0.0,0.0,758,0.0,1
1,7.0,1,0.0,0.0,0.0,0.0,727,425.0,0
1,5.0,0,0.0,0.0,0.0,0.0,517,0.0,0
1,0.0,0,0.0,6.0,0.0,0.0,948,0.0,1
1,8.0,1,1.0,0.0,0.0,0.0,981,654.0,0
1,5.0,0,1.0,0.0,0.0,0.0,388,0.0,0
1,8.0,1,0.0,0.0,0.0,1.0,1082,1037.0,0
0,0.0,0,0.0,4.0,0.0,0.0,1013,0.0,1
0,8.0,1,1.0,0.0,0.0,0.0,1412,631.0,0
0,8.0,1,1.0,0.0,0.0,0.0,882,560.0,0
0,6.0,0,0.0,0.0,0.0,0.0,939,0.0,0
1,7.0,1,1.0,0.0,0.0,0.0,948,918.0,0
1,7.0,1,1.0,0.0,0.0,0.0,1082,841.0,0
0,0.0,0,0.0,1.0,1.0,0.0,1038,0.0,1
1,4.0,0,0.0,0.0,0.0,0.0,806,0.0,0
0,7.0,1,1.0,0.0,0.0,0.0,898,334.0,0
1,6.0,0,0.0,0.0,0.0,0.0,473,0.0,0
1,7.0,1,1.0,0.0,0.0,0.0,992,989.0,0
1,7.0,1,1.0,0.0,0.0,0.0,1023,842.0,0
1,6.0,0,0.0,0.0,0.0,0.0,306,0.0,0
1,2.0,0,0.0,0.0,0.0,0.0,399,0.0,0
1,8.0,1,0.0,0.0,0.0,0.0,615,614.0,0
1,0.0,0,0.0,3.0,0.0,0.0,869,0.0,1
1,8.0,1,0.0,0.0,0.0,0.0,589,449.0,0
1,3.0,0,0.0,0.0,0.0,0.0,641,0.0,0
1,4.0,0,0.0,0.0,0.0,0.0,585,0.0,0
1,8.0,1,0.0,0.0,0.0,1.0,1299,1033.0,0
1,8.0,1,1.0,0.0,0.0,0.0,857,535.0,0
0,0.0,0,1.0,0.0,0.0,0.0,695,0.0,0
1,5.0,0,0.0,0.0,0.0,0.0,541,0.0,0
0,5.0,0,1.0,0.0,0.0,0.0,686,0.0,0
1,7.0,1,1.0,0.0,0.0,0.0,1134,572.0,0
1,6.0,0,1.0,0.0,0.0,0.0,742,0.0,0
0,4.0,0,0.0,0.0,0.0,0.0,678,0.0,0
1,5.0,0,1.0,0.0,0.0,0.0,848,0.0,0
1,4.0,0,0.0,0.0,0.0,0.0,492,0.0,0
0,7.0,1,1.0,0.0,0.0,0.0,663,644.0,0
1,2.0,0,0.0,0.0,0.0,0.0,335,0.0,0
0,7.0,1,0.0,0.0,0.0,0.0,826,823.0,0
1,6.0,0,0.0,0.0,0.0,0.0,904,0.0,0
0,0.0,0,0.0,1.0,0.0,0.0,372,0.0,1
1,2.0,0,1.0,0.0,0.0,0.0,483,0.0,0
0,5.0,0,0.0,0.0,0.0,0.0,307,0.0,0
1,8.0,1,0.0,0.0,0.0,0.0,639,273.0,0
0,0.0,0,0.0,5.0,0.0,0.0,1215,0.0,1
0,7.0,1,0.0,0.0,0.0,0.0,896,703.0,0
1,3.0,0,0.0,0.0,0.0,0.0,408,0.0,0
1,0.0,0,0.0,1.0,0.0,0.0,591,0.0,1
1,6.0,1,0.0,0.0,0.0,1.0,749,318.0,0
0,2.0,0,1.0,0.0,0.0,0.0,472,0.0,0
1,0.0,0,0.0,0.0,0.0,0.0,324,0.0,0
1,0.0,0,0.0,0.0,0.0,0.0,142,0.0,0
0,0.0,0,0.0,0.0,0.0,1.0,348,0.0,0
1,1.0,0,0.0,0.0,0.0,0.0,357,0.0,0
1,3.0,0,1.0,0.0,0.0,0.0,1174,0.0,0
0,7.0,1,1.0,0.0,0.0,0.0,795,350.0,0
1,5.0,0,0.0,0.0,0.0,0.0,796,0.0,0
1,3.0,0,1.0,0.0,0.0,0.0,660,0.0,0
1,7.0,1,0.0,0.0,0.0,1.0,1081,692.0,0
1,0.0,0,0.0,4.0,1.0,0.0,865,0.0,1
0,0.0,0,0.0,2.0,0.0,0.0,1013,0.0,1
1,7.0,1,1.0,0.0,0.0,0.0,1165,898.0,0
1,4.0,0,0.0,0.0,0.0,0.0,522,0.0,0
1,0.0,0,0.0,4.0,0.0,0.0,66,0.0,1
1,3.0,0,0.0,0.0,0.0,0.0,507,0.0,0
1,7.0,1,1.0,0.0,0.0,0.0,774,750.0,0
0,0.0,0,0.0,2.0,0.0,0.0,742,0.0,1
0,2.0,0,0.0,0.0,0.0,0.0,294,0.0,0
0,0.0,0,0.0,1.0,0.0,0.0,307,0.0,1
1,7.0,1,0.0,0.0,0.0,0.0,549,318.0,0
0,7.0,1,1.0,0.0,0.0,0.0,847,267.0,0
0,7.0,1,1.0,0.0,0.0,0.0,852,569.0,0
1,0.0,0,0.0,4.0,0.0,0.0,558,0.0,1
0,7.0,1,1.0,0.0,0.0,0.0,858,626.0,0
0,3.0,0,1.0,0.0,0.0,0.0,500,0.0,0
0,7.0,0,1.0,0.0,0.0,0.0,349,0.0,0
1,8.0,1,0.0,0.0,0.0,0.0,1016,382.0,0
0,2.0,0,1.0,0.0,0.0,0.0,551,0.0,0
0,8.0,1,1.0,0.0,0.0,0.0,907,373.0,0
0,8.0,1,0.0,0.0,0.0,0.0,1057,1020.0,0
1,8.0,1,0.0,0.0,0.0,0.0,1101,1012.0,0
1,8.0,1,0.0,0.0,0.0,1.0,696,126.0,0
0,6.0,0,1.0,0.0,0.0,0.0,1006,0.0,0
0,1.0,0,1.0,0.0,0.0,0.0,499,0.0,0
1,0.0,0,0.0,1.0,0.0,0.0,597,0.0,1
0,8.0,1,1.0,0.0,0.0,0.0,829,585.0,0
1,2.0,0,0.0,0.0,0.0,0.0,458,0.0,0
1,5.0,0,1.0,0.0,0.0,0.0,613,0.0,0
0,8.0,1,1.0,0.0,0.0,0.0,869,204.0,0
1,2.0,0,0.0,0.0,0.0,0.0,73,0.0,0
1,1.0,0,0.0,0.0,0.0,0.0,91,0.0,0
0,8.0,1,1.0,0.0,0.0,0.0,693,653.0,0
0,4.0,0,0.0,0.0,0.0,0.0,430,0.0,0
0,8.0,1,1.0,0.0,0.0,1.0,1219,1016.0,0
0,3.0,0,1.0,0.0,0.0,0.0,620,0.0,0
0,8.0,1,1.0,0.0,0.0,0.0,783,748.0,0
1,6.0,0,1.0,0.0,0.0,0.0,841,0.0,0
0,8.0,1,1.0,0.0,0.0,0.0,978,540.0,0
1,6.0,0,0.0,0.0,0.0,0.0,778,0.0,0
1,4.0,0,0.0,0.0,0.0,0.0,899,0.0,0
1,8.0,1,0.0,0.0,0.0,0.0,687,493.0,0
0,8.0,1,1.0,0.0,0.0,0.0,1315,524.0,0
0,8.0,1,0.0,0.0,0.0,0.0,762,444.0,0
0,7.0,0,1.0,0.0,0.0,0.0,427,0.0,0
1,8.0,1,1.0,0.0,0.0,0.0,804,551.0,0
0,8.0,1,0.0,0.0,0.0,1.0,466,466.0,0
0,8.0,1,1.0,0.0,0.0,0.0,659,604.0,0
1,7.0,0,1.0,0.0,0.0,0.0,790,0.0,0
1,0.0,0,0.0,2.0,0.0,0.0,992,0.0,1
1,1.0,0,1.0,0.0,0.0,0.0,313,0.0,0
0,8.0,1,1.0,0.0,0.0,0.0,790,540.0,0
1,8.0,1,0.0,0.0,0.0,0.0,1145,550.0,0
0,0.0,0,0.0,1.0,0.0,0.0,1236,0.0,1
1,5.0,0,0.0,0.0,0.0,0.0,971,0.0,0
0,7.0,1,1.0,0.0,0.0,0.0,882,673.0,0
1,3.0,0,1.0,0.0,0.0,0.0,632,0.0,0
1,7.0,1,1.0,0.0,0.0,0.0,766,655.0,0
0,3.0,0,1.0,0.0,0.0,0.0,328,0.0,0
1,7.0,1,0.0,0.0,0.0,0.0,853,606.0,0
1,0.0,0,0.0,4.0,0.0,0.0,758,0.0,1
1,7.0,1,0.0,0.0,0.0,0.0,727,425.0,0
1,5.0,0,0.0,0.0,0.0,0.0,517,0.0,0
1,0.0,0,0.0,6.0,0.0,0.0,948,0.0,1
1,8.0,1,1.0,0.0,0.0,0.0,981,654.0,0
1,5.0,0,1.0,0.0,0.0,0.0,388,0.0,0
1,8.0,1,0.0,0.0,0.0,1.0,1082,1037.0,0
0,0.0,0,0.0,4.0,0.0,0.0,1013,0.0,1
0,8.0,1,1.0,0.0,0.0,0.0,1412,631.0,0
0,8.0,1,1.0,0.0,0.0,0.0,882,560.0,0
0,0.0,0,0.0,2.0,0.0,0.0,499,0.0,1
1,3.0,0,0.0,0.0,0.0,0.0,346,0.0,0
1,3.0,0,0.0,0.0,0.0,0.0,272,0.0,0
1,6.0,0,0.0,0.0,0.0,0.0,1022,0.0,0
1,4.0,0,1.0,0.0,0.0,0.0,351,0.0,0
0,4.0,0,1.0,0.0,0.0,0.0,201,0.0,0
0,1.0,0,0.0,0.0,0.0,0.0,297,0.0,0
1,0.0,0,0.0,3.0,0.0,0.0,300,0.0,1
1,7.0,1,0.0,0.0,0.0,0.0,834,738.0,0
1,0.0,0,0.0,3.0,0.0,0.0,563,0.0,1
1,7.0,1,1.0,0.0,0.0,1.0,1309,860.0,0
1,7.0,1,1.0,0.0,0.0,0.0,746,325.0,0
1,7.0,1,0.0,0.0,0.0,0.0,883,618.0,0
0,0.0,0,0.0,1.0,1.0,0.0,919,0.0,1
1,2.0,0,0.0,0.0,0.0,0.0,347,0.0,0
1,6.0,1,0.0,0.0,0.0,0.0,494,450.0,0
0,8.0,1,1.0,0.0,0.0,2.0,1387,380.0,0
0,8.0,1,1.0,0.0,0.0,0.0,936,365.0,0
0,7.0,0,0.0,0.0,0.0,0.0,987,0.0,0
1,2.0,0,0.0,0.0,0.0,0.0,308,0.0,0
1,8.0,1,0.0,0.0,0.0,1.0,625,359.0,0
1,8.0,1,0.0,0.0,0.0,1.0,825,377.0,0
1,0.0,0,0.0,4.0,0.0,0.0,815,0.0,1
1,0.0,0,0.0,3.0,0.0,0.0,742,0.0,1
1,8.0,1,1.0,0.0,0.0,0.0,1236,394.0,0
1,8.0,1,0.0,0.0,0.0,0.0,1052,609.0,0
0,0.0,0,0.0,3.0,0.0,0.0,1123,0.0,1
1,5.0,0,0.0,0.0,0.0,0.0,322,0.0,0
1,8.0,1,1.0,0.0,0.0,0.0,1225,951.0,0
1,8.0,1,1.0,0.0,0.0,1.0,754,654.0,0
1,8.0,1,1.0,0.0,0.0,1.0,1060,764.0,0
0,8.0,1,1.0,0.0,0.0,0.0,1216,708.0,0
0,8.0,1,1.0,0.0,0.0,0.0,818,310.0,0
0,6.0,0,0.0,0.0,0.0,0.0,598,0.0,0
0,8.0,1,0.0,0.0,0.0,0.0,360,326.0,0
0,8.0,1,0.0,0.0,0.0,0.0,646,593.0,0
0,8.0,1,0.0,0.0,0.0,0.0,916,699.0,0
1,8.0,1,0.0,0.0,1.0,1.0,989,700.0,0
0,8.0,1,1.0,0.0,0.0,0.0,682,290.0,0
0,0.0,0,0.0,3.0,1.0,0.0,618,0.0,1
1,8.0,1,0.0,0.0,0.0,1.0,704,544.0,0
1,5.0,0,0.0,0.0,0.0,0.0,510,0.0,0
1,8.0,1,1.0,0.0,0.0,0.0,755,641.0,0
1,7.0,1,0.0,0.0,0.0,1.0,996,374.0,0
1,6.0,1,1.0,0.0,0.0,0.0,940,298.0,0
1,7.0,1,0.0,0.0,0.0,2.0,1115,334.0,0
1,7.0,1,1.0,0.0,0.0,0.0,837,433.0,0
0,7.0,1,0.0,0.0,0.0,0.0,1020,574.0,0
1,7.0,1,1.0,0.0,0.0,0.0,1208,682.0,0
1,7.0,1,1.0,0.0,0.0,0.0,894,422.0,0
1,7.0,1,0.0,0.0,0.0,1.0,888,370.0,0
1,7.0,1,1.0,0.0,0.0,0.0,1049,689.0,0
0,7.0,1,0.0,0.0,0.0,1.0,731,151.0,0
0,7.0,1,1.0,0.0,0.0,1.0,821,805.0,0
1,0.0,0,0.0,4.0,0.0,0.0,915,0.0,1
0,7.0,1,0.0,0.0,0.0,0.0,766,566.0,0
1,7.0,1,0.0,0.0,0.0,2.0,961,510.0,0
1,7.0,1,1.0,0.0,0.0,2.0,799,330.0,0
1,8.0,1,1.0,0.0,0.0,0.0,993,992.0,0
1,4.0,0,1.0,0.0,0.0,0.0,523,0.0,0
0,4.0,0,1.0,0.0,0.0,0.0,631,0.0,0
0,0.0,0,0.0,1.0,0.0,0.0,407,0.0,1
1,8.0,1,0.0,0.0,0.0,1.0,532,394.0,0
0,5.0,0,0.0,0.0,0.0,0.0,361,0.0,0
1,8.0,1,0.0,0.0,0.0,1.0,952,349.0,0
1,8.0,1,0.0,0.0,0.0,0.0,661,546.0,0
1,8.0,1,0.0,0.0,0.0,0.0,1175,758.0,0
0,8.0,1,0.0,0.0,0.0,1.0,1178,330.0,0
0,6.0,0,0.0,0.0,0.0,1.0,680,0.0,0
1,5.0,0,0.0,0.0,0.0,1.0,442,0.0,0
1,7.0,0,1.0,0.0,0.0,0.0,342,0.0,0
1,7.0,1,1.0,0.0,0.0,0.0,998,377.0,0
1,7.0,1,0.0,0.0,0.0,1.0,1169,1110.0,0
1,7.0,1,1.0,0.0,0.0,1.0,926,441.0,0
0,5.0,0,1.0,0.0,0.0,0.0,548,0.0,0
1,7.0,1,1.0,0.0,0.0,0.0,704,471.0,0
0,7.0,1,1.0,0.0,0.0,3.0,1148,375.0,0
1,6.0,0,0.0,0.0,0.0,0.0,576,0.0,0
1,0.0,0,0.0,3.0,0.0,0.0,524,0.0,1
1,7.0,1,0.0,0.0,0.0,0.0,638,578.0,0
1,0.0,0,0.0,3.0,0.0,0.0,1011,0.0,1
1,7.0,1,1.0,0.0,0.0,0.0,666,375.0,0
1,6.0,0,0.0,0.0,0.0,2.0,368,0.0,0
1,7.0,1,0.0,0.0,0.0,3.0,1181,565.0,0
1,4.0,0,0.0,0.0,0.0,0.0,945,0.0,0
0,0.0,0,0.0,4.0,1.0,0.0,993,0.0,1
0,0.0,0,0.0,1.0,1.0,0.0,606,0.0,1
1,0.0,0,0.0,1.0,0.0,0.0,230,0.0,1
1,7.0,1,0.0,0.0,0.0,1.0,379,316.0,0
0,0.0,0,0.0,1.0,0.0,0.0,406,0.0,1
1,0.0,0,0.0,2.0,0.0,0.0,852,0.0,1
1,3.0,0,1.0,0.0,0.0,1.0,663,0.0,0
1,7.0,1,0.0,0.0,0.0,0.0,668,593.0,0
1,0.0,0,0.0,2.0,0.0,0.0,1001,0.0,1
1,7.0,1,0.0,0.0,0.0,0.0,822,770.0,0
1,7.0,1,0.0,0.0,0.0,1.0,866,579.0,0
1,0.0,0,1.0,0.0,0.0,0.0,912,0.0,0
1,0.0,0,0.0,2.0,0.0,0.0,249,0.0,1
1,1.0,0,0.0,0.0,0.0,0.0,137,0.0,0
1,1.0,0,0.0,0.0,0.0,0.0,200,0.0,0
1,6.0,0,0.0,0.0,0.0,0.0,500,0.0,0
0,7.0,1,1.0,0.0,0.0,1.0,1185,315.0,0
1,3.0,0,0.0,0.0,0.0,0.0,346,0.0,0
1,4.0,0,0.0,0.0,0.0,0.0,177,0.0,0
1,8.0,1,1.0,0.0,0.0,0.0,926,520.0,0
1,1.0,0,0.0,0.0,0.0,0.0,240,0.0,0
0,0.0,0,0.0,3.0,0.0,0.0,1204,0.0,1
0,0.0,0,0.0,4.0,0.0,0.0,1328,0.0,1
1,7.0,1,0.0,0.0,0.0,1.0,1162,1055.0,0
0,7.0,1,1.0,0.0,0.0,0.0,829,557.0,0
1,7.0,1,1.0,0.0,0.0,0.0,1037,542.0,0
1,0.0,0,0.0,1.0,0.0,0.0,738,0.0,1
1,0.0,0,0.0,2.0,0.0,0.0,589,0.0,1
0,0.0,0,0.0,3.0,0.0,0.0,905,0.0,1
1,0.0,0,0.0,3.0,0.0,0.0,668,0.0,1
1,8.0,1,0.0,0.0,0.0,0.0,566,404.0,0
1,8.0,1,1.0,0.0,0.0,0.0,1137,563.0,0
1,8.0,1,1.0,0.0,0.0,0.0,1131,506.0,0
0,7.0,1,0.0,0.0,0.0,0.0,773,547.0,0
0,0.0,0,0.0,1.0,1.0,0.0,740,0.0,1
1,5.0,0,1.0,0.0,0.0,1.0,613,0.0,0
1,7.0,1,1.0,0.0,0.0,0.0,1063,719.0,0
1,8.0,1,1.0,0.0,0.0,3.0,1244,443.0,0
0,0.0,0,0.0,2.0,0.0,0.0,919,0.0,1
1,0.0,0,0.0,1.0,0.0,0.0,458,0.0,1
0,2.0,0,1.0,0.0,0.0,0.0,363,0.0,0
1,8.0,1,0.0,0.0,0.0,1.0,281,167.0,0
1,0.0,0,0.0,2.0,0.0,0.0,608,0.0,1
0,0.0,0,0.0,5.0,0.0,0.0,659,0.0,1
1,8.0,1,0.0,0.0,0.0,1.0,790,576.0,0
1,8.0,1,0.0,0.0,0.0,2.0,936,728.0,0
0,8.0,1,1.0,0.0,0.0,0.0,962,627.0,0
0,0.0,0,0.0,1.0,1.0,0.0,254,0.0,1
1,3.0,0,1.0,0.0,0.0,0.0,641,0.0,0
1,1.0,0,0.0,0.0,0.0,1.0,753,0.0,0
1,7.0,1,1.0,0.0,0.0,2.0,1069,104.0,0
0,7.0,1,1.0,0.0,0.0,0.0,910,409.0,0
0,7.0,1,1.0,0.0,0.0,1.0,701,393.0,0
0,0.0,0,1.0,0.0,0.0,0.0,149,0.0,0
1,8.0,1,0.0,0.0,0.0,0.0,801,602.0,0
1,8.0,1,1.0,0.0,0.0,0.0,904,680.0,0
0,8.0,1,0.0,0.0,0.0,1.0,585,334.0,0
1,0.0,0,0.0,2.0,0.0,0.0,695,0.0,1
1,0.0,0,0.0,2.0,0.0,0.0,548,0.0,1
1,0.0,0,0.0,4.0,0.0,0.0,1061,0.0,1
1,0.0,0,0.0,4.0,0.0,0.0,841,0.0,1
0,7.0,1,1.0,0.0,0.0,1.0,497,129.0,0
1,7.0,1,1.0,0.0,0.0,0.0,1236,625.0,0
1,7.0,1,0.0,0.0,0.0,0.0,431,114.0,0
1,5.0,0,0.0,0.0,0.0,0.0,450,0.0,0
1,7.0,1,0.0,0.0,0.0,0.0,834,756.0,0
0,7.0,1,1.0,0.0,0.0,0.0,489,309.0,0
0,6.0,0,1.0,0.0,0.0,4.0,679,0.0,0
1,7.0,1,1.0,0.0,0.0,0.0,825,489.0,0
0,7.0,1,1.0,0.0,0.0,0.0,858,642.0,0
0,8.0,1,1.0,0.0,0.0,4.0,1215,963.0,0
0,2.0,0,0.0,0.0,1.0,2.0,891,0.0,0
1,8.0,1,0.0,0.0,0.0,0.0,990,989.0,0
1,8.0,1,0.0,0.0,0.0,2.0,640,541.0,0
1,8.0,1,1.0,0.0,0.0,1.0,1204,427.0,0
0,8.0,1,1.0,0.0,0.0,0.0,952,629.0,0
1,5.0,0,0.0,0.0,0.0,0.0,451,0.0,0
0,0.0,0,0.0,2.0,0.0,0.0,755,0.0,1
0,0.0,0,1.0,0.0,0.0,0.0,354,0.0,0
1,0.0,0,0.0,1.0,0.0,0.0,764,0.0,1
0,3.0,0,0.0,0.0,0.0,3.0,672,0.0,0
1,0.0,0,0.0,2.0,0.0,0.0,751,0.0,1
1,7.0,1,0.0,0.0,0.0,1.0,1122,538.0,0
1,3.0,0,0.0,0.0,0.0,0.0,438,0.0,0
1,5.0,0,0.0,0.0,0.0,0.0,500,0.0,0
0,7.0,1,1.0,0.0,0.0,0.0,726,498.0,0
0,0.0,0,0.0,0.0,0.0,0.0,142,0.0,0
0,7.0,1,1.0,0.0,0.0,0.0,842,503.0,0
1,7.0,1,1.0,0.0,0.0,0.0,578,395.0,0
1,4.0,0,1.0,0.0,0.0,0.0,399,0.0,0
0,8.0,1,0.0,0.0,0.0,1.0,942,558.0,0
1,8.0,1,0.0,0.0,0.0,0.0,960,660.0,0
0,8.0,1,0.0,0.0,0.0,0.0,688,677.0,0
1,8.0,1,1.0,0.0,0.0,1.0,962,639.0,0
1,2.0,0,0.0,0.0,0.0,0.0,77,0.0,0
0,8.0,1,0.0,0.0,0.0,1.0,923,750.0,0
0,5.0,0,1.0,0.0,0.0,0.0,736,0.0,0
0,7.0,1,0.0,0.0,0.0,0.0,1110,661.0,0
1,4.0,0,0.0,0.0,0.0,1.0,809,0.0,0
1,0.0,0,0.0,2.0,0.0,0.0,315,0.0,1
1,7.0,1,0.0,0.0,0.0,0.0,892,368.0,0
1,7.0,1,0.0,0.0,0.0,0.0,1276,545.0,0
0,7.0,1,1.0,0.0,0.0,1.0,913,344.0,0
1,6.0,0,0.0,0.0,0.0,0.0,802,0.0,0
0,7.0,1,1.0,0.0,0.0,1.0,832,559.0,0
0,7.0,1,1.0,0.0,0.0,1.0,1146,314.0,0
0,7.0,1,1.0,0.0,0.0,1.0,879,109.0,0
0,7.0,1,1.0,0.0,0.0,0.0,865,834.0,0
1,7.0,1,1.0,0.0,0.0,0.0,1082,1031.0,0
0,7.0,1,1.0,0.0,0.0,0.0,1161,393.0,0
0,0.0,0,0.0,2.0,0.0,0.0,662,0.0,1
0,7.0,1,1.0,0.0,0.0,0.0,416,249.0,0
1,7.0,1,1.0,0.0,0.0,0.0,1326,391.0,0
0,7.0,1,0.0,0.0,0.0,0.0,821,366.0,0
0,8.0,1,1.0,0.0,0.0,0.0,807,337.0,0
